# DSRRL Material Response 1.45 - V15.1 recovered lifted assembly
# Generated from owner archival V15.1 binary; exact bytes are provenance.
# This is not claimed to be the original handwritten C source.
.section .text
.intel_syntax noprefix
.globl envcube_v15_1_text_start
envcube_v15_1_text_start:

# RVA 0x1b7000: CPU formatter A/B semantic capture and per-thread probe state
.globl envcube_formatter_detour
envcube_formatter_detour:
    .byte 0x41, 0x57, 0x41, 0x56, 0x56, 0x57, 0x55, 0x53, 0x48, 0x83, 0xec, 0x28, 0x44, 0x89, 0xcd, 0x4d  # +0x0000
    .byte 0x89, 0xc6, 0x89, 0xd7, 0x48, 0x89, 0xcb, 0xe8, 0xb4, 0x03, 0x00, 0x00, 0x48, 0x89, 0xc6, 0x4c  # +0x0010
    .byte 0x8b, 0x7c, 0x24, 0x58, 0x48, 0x8b, 0x80, 0x90, 0x22, 0x11, 0x00, 0x48, 0x85, 0xc0, 0x74, 0x0d  # +0x0020
    .byte 0x48, 0x89, 0xd9, 0x89, 0xfa, 0x4d, 0x89, 0xf0, 0x41, 0x89, 0xe9, 0xff, 0xd0, 0x48, 0x8b, 0x86  # +0x0030
    .byte 0x80, 0x22, 0x11, 0x00, 0x4c, 0x8d, 0xb0, 0xe0, 0xb6, 0x1e, 0x00, 0x4d, 0x39, 0xfe, 0x75, 0x3e  # +0x0040
    .byte 0xb8, 0x01, 0x00, 0x00, 0x00, 0xf0, 0x0f, 0xc1, 0x86, 0xa4, 0x22, 0x11, 0x00, 0x85, 0xc0, 0x75  # +0x0050
    .byte 0x7f, 0x48, 0x8b, 0x8e, 0x08, 0x20, 0x11, 0x00, 0x48, 0x8b, 0x86, 0x10, 0x20, 0x11, 0x00, 0x48  # +0x0060
    .byte 0x85, 0xc9, 0x0f, 0x95, 0xc2, 0x48, 0x85, 0xc0, 0x41, 0x0f, 0x95, 0xc0, 0x41, 0x20, 0xd0, 0x41  # +0x0070
    .byte 0x80, 0xf8, 0x01, 0x75, 0x5b, 0x4c, 0x8d, 0x05, 0x44, 0x71, 0x00, 0x00, 0xeb, 0x4b, 0x48, 0x05  # +0x0080
    .byte 0x26, 0xb7, 0x1e, 0x00, 0x4c, 0x39, 0xf8, 0x0f, 0x85, 0x1d, 0x03, 0x00, 0x00, 0xb8, 0x01, 0x00  # +0x0090
    .byte 0x00, 0x00, 0xf0, 0x0f, 0xc1, 0x86, 0xa8, 0x22, 0x11, 0x00, 0x85, 0xc0, 0x75, 0x32, 0x48, 0x8b  # +0x00a0
    .byte 0x8e, 0x08, 0x20, 0x11, 0x00, 0x48, 0x8b, 0x86, 0x10, 0x20, 0x11, 0x00, 0x48, 0x85, 0xc9, 0x0f  # +0x00b0
    .byte 0x95, 0xc2, 0x48, 0x85, 0xc0, 0x41, 0x0f, 0x95, 0xc0, 0x41, 0x20, 0xd0, 0x41, 0x80, 0xf8, 0x01  # +0x00c0
    .byte 0x75, 0x0e, 0x4c, 0x8d, 0x05, 0x18, 0x71, 0x00, 0x00, 0xba, 0x03, 0x00, 0x00, 0x00, 0xff, 0xd0  # +0x00d0
    .byte 0x48, 0x85, 0xdb, 0x0f, 0x84, 0xd1, 0x02, 0x00, 0x00, 0x85, 0xff, 0x0f, 0x88, 0xc9, 0x02, 0x00  # +0x00e0
    .byte 0x00, 0x85, 0xed, 0x0f, 0x85, 0xc1, 0x02, 0x00, 0x00, 0x0f, 0xb7, 0x43, 0x28, 0x83, 0xc8, 0x20  # +0x00f0
    .byte 0x83, 0xf8, 0x6d, 0x0f, 0x85, 0xb1, 0x02, 0x00, 0x00, 0x0f, 0xb7, 0x43, 0x2a, 0x8d, 0x48, 0xd0  # +0x0100
    .byte 0x66, 0x83, 0xf9, 0x09, 0x0f, 0x87, 0xa0, 0x02, 0x00, 0x00, 0x0f, 0xb7, 0x4b, 0x2c, 0x8d, 0x51  # +0x0110
    .byte 0xd0, 0x66, 0x83, 0xfa, 0x09, 0x0f, 0x87, 0x8f, 0x02, 0x00, 0x00, 0x66, 0x83, 0x7b, 0x2e, 0x00  # +0x0120
    .byte 0x0f, 0x85, 0x84, 0x02, 0x00, 0x00, 0x8d, 0x04, 0x80, 0x8d, 0x04, 0x41, 0x05, 0xf0, 0xfd, 0xff  # +0x0130
    .byte 0xff, 0xba, 0x56, 0x01, 0x00, 0x00, 0x45, 0x31, 0xc0, 0x48, 0x8d, 0x0d, 0x20, 0x60, 0x00, 0x00  # +0x0140
    .byte 0xeb, 0x16, 0x66, 0x66, 0x66, 0x66, 0x66, 0x2e, 0x0f, 0x1f, 0x84, 0x00, 0x00, 0x00, 0x00, 0x00  # +0x0150
    .byte 0x44, 0x89, 0xca, 0x41, 0x39, 0xd0, 0x73, 0x7f, 0x41, 0x89, 0xd1, 0x45, 0x29, 0xc1, 0x41, 0xd1  # +0x0160
    .byte 0xe9, 0x45, 0x01, 0xc1, 0x4f, 0x8d, 0x14, 0x49, 0x46, 0x8b, 0x1c, 0x91, 0x41, 0x39, 0xc3, 0x77  # +0x0170
    .byte 0xdf, 0x4e, 0x8d, 0x14, 0x91, 0x75, 0x0a, 0x41, 0x39, 0x7a, 0x04, 0x7f, 0xd3, 0x7c, 0x04, 0xeb  # +0x0180
    .byte 0x0f, 0x73, 0x0d, 0x41, 0xff, 0xc1, 0x45, 0x89, 0xc8, 0x41, 0x39, 0xd0, 0x72, 0xca, 0xeb, 0x47  # +0x0190
    .byte 0x41, 0x8b, 0x4a, 0x08, 0x85, 0xc9, 0x78, 0x3f, 0x48, 0x8b, 0x96, 0x88, 0x22, 0x11, 0x00, 0x65  # +0x01a0
    .byte 0x4c, 0x8b, 0x04, 0x25, 0x48, 0x00, 0x00, 0x00, 0x48, 0x85, 0xd2, 0x0f, 0x94, 0xc0, 0x4d, 0x85  # +0x01b0
    .byte 0xc0, 0x41, 0x0f, 0x94, 0xc1, 0x41, 0x08, 0xc1, 0x0f, 0x85, 0xf4, 0x00, 0x00, 0x00, 0x4d, 0x89  # +0x01c0
    .byte 0xc1, 0x49, 0xc1, 0xe9, 0x11, 0x45, 0x31, 0xc1, 0x48, 0x81, 0xc2, 0x98, 0x75, 0x00, 0x00, 0x41  # +0x01d0
    .byte 0xba, 0x20, 0x00, 0x00, 0x00, 0xeb, 0x62, 0xb8, 0x01, 0x00, 0x00, 0x00, 0xf0, 0x0f, 0xc1, 0x86  # +0x01e0
    .byte 0xbc, 0x22, 0x11, 0x00, 0x85, 0xc0, 0x0f, 0x85, 0xbe, 0x01, 0x00, 0x00, 0x48, 0x8b, 0x8e, 0x08  # +0x01f0
    .byte 0x20, 0x11, 0x00, 0x48, 0x8b, 0x86, 0x10, 0x20, 0x11, 0x00, 0x48, 0x85, 0xc9, 0x0f, 0x95, 0xc2  # +0x0200
    .byte 0x48, 0x85, 0xc0, 0x41, 0x0f, 0x95, 0xc0, 0x41, 0x20, 0xd0, 0x41, 0x80, 0xf8, 0x01, 0x0f, 0x85  # +0x0210
    .byte 0x96, 0x01, 0x00, 0x00, 0x4c, 0x8d, 0x05, 0xe7, 0x6f, 0x00, 0x00, 0xba, 0x03, 0x00, 0x00, 0x00  # +0x0220
    .byte 0x48, 0x83, 0xc4, 0x28, 0x5b, 0x5d, 0x5f, 0x5e, 0x41, 0x5e, 0x41, 0x5f, 0x48, 0xff, 0xe0, 0x41  # +0x0230
    .byte 0x83, 0xc1, 0x02, 0x41, 0x83, 0xc2, 0xfe, 0x74, 0x79, 0x44, 0x89, 0xc8, 0x83, 0xe0, 0x1f, 0xc1  # +0x0240
    .byte 0xe0, 0x05, 0x4c, 0x8d, 0x1c, 0x02, 0x48, 0x8b, 0x04, 0x02, 0x4c, 0x39, 0xc0, 0x74, 0x33, 0x48  # +0x0250
    .byte 0x85, 0xc0, 0x75, 0x09, 0x31, 0xc0, 0xf0, 0x4d, 0x0f, 0xb1, 0x03, 0x74, 0x25, 0x41, 0x8d, 0x41  # +0x0260
    .byte 0x01, 0x83, 0xe0, 0x1f, 0xc1, 0xe0, 0x05, 0x4c, 0x8d, 0x1c, 0x02, 0x48, 0x8b, 0x04, 0x02, 0x4c  # +0x0270
    .byte 0x39, 0xc0, 0x74, 0x0e, 0x48, 0x85, 0xc0, 0x75, 0xb6, 0x31, 0xc0, 0xf0, 0x4d, 0x0f, 0xb1, 0x03  # +0x0280
    .byte 0x75, 0xad, 0x4d, 0x39, 0xfe, 0x75, 0x13, 0x41, 0x89, 0x4b, 0x10, 0x31, 0xc0, 0x41, 0xb8, 0x01  # +0x0290
    .byte 0x00, 0x00, 0x00, 0xba, 0x18, 0x00, 0x00, 0x00, 0xeb, 0x0d, 0xb8, 0x01, 0x00, 0x00, 0x00, 0xba  # +0x02a0
    .byte 0x14, 0x00, 0x00, 0x00, 0x41, 0x89, 0xc8, 0x45, 0x89, 0x04, 0x13, 0x41, 0x89, 0x43, 0x1c, 0x0f  # +0x02b0
    .byte 0xae, 0xf0, 0x48, 0x8b, 0x96, 0x88, 0x22, 0x11, 0x00, 0x48, 0x85, 0xd2, 0x0f, 0x94, 0xc0, 0x81  # +0x02c0
    .byte 0xf9, 0x56, 0x01, 0x00, 0x00, 0x41, 0x0f, 0x93, 0xc0, 0x41, 0x08, 0xc0, 0x0f, 0x85, 0xd8, 0x00  # +0x02d0
    .byte 0x00, 0x00, 0x4c, 0x8d, 0x04, 0x8d, 0x00, 0x00, 0x00, 0x00, 0x48, 0xc1, 0xe1, 0x04, 0x41, 0xb9  # +0x02e0
    .byte 0x01, 0x00, 0x00, 0x00, 0x31, 0xc0, 0xf0, 0x44, 0x0f, 0xb1, 0x0c, 0x0a, 0x75, 0x47, 0xf0, 0xff  # +0x02f0
    .byte 0x82, 0x90, 0x75, 0x00, 0x00, 0x31, 0xc0, 0xf0, 0x46, 0x0f, 0xb1, 0x4c, 0x82, 0x04, 0x74, 0x40  # +0x0300
    .byte 0xb9, 0x01, 0x00, 0x00, 0x00, 0x31, 0xc0, 0xf0, 0x42, 0x0f, 0xb1, 0x4c, 0x82, 0x08, 0x75, 0x47  # +0x0310
    .byte 0xf0, 0xff, 0x82, 0x90, 0x75, 0x00, 0x00, 0x31, 0xc0, 0xf0, 0x42, 0x0f, 0xb1, 0x4c, 0x82, 0x0c  # +0x0320
    .byte 0x74, 0x40, 0xb8, 0x01, 0x00, 0x00, 0x00, 0xf0, 0x0f, 0xc1, 0x86, 0xac, 0x22, 0x11, 0x00, 0x85  # +0x0330
    .byte 0xc0, 0x75, 0x77, 0xeb, 0x45, 0x31, 0xc0, 0xf0, 0x46, 0x0f, 0xb1, 0x4c, 0x82, 0x04, 0x75, 0xc0  # +0x0340
    .byte 0xf0, 0xff, 0x82, 0x90, 0x75, 0x00, 0x00, 0xb9, 0x01, 0x00, 0x00, 0x00, 0x31, 0xc0, 0xf0, 0x42  # +0x0350
    .byte 0x0f, 0xb1, 0x4c, 0x82, 0x08, 0x74, 0xb9, 0x31, 0xc0, 0xf0, 0x42, 0x0f, 0xb1, 0x4c, 0x82, 0x0c  # +0x0360
    .byte 0x75, 0xc0, 0xf0, 0xff, 0x82, 0x90, 0x75, 0x00, 0x00, 0xb8, 0x01, 0x00, 0x00, 0x00, 0xf0, 0x0f  # +0x0370
    .byte 0xc1, 0x86, 0xac, 0x22, 0x11, 0x00, 0x85, 0xc0, 0x75, 0x30, 0x48, 0x8b, 0x8e, 0x08, 0x20, 0x11  # +0x0380
    .byte 0x00, 0x48, 0x8b, 0x86, 0x10, 0x20, 0x11, 0x00, 0x48, 0x85, 0xc9, 0x0f, 0x95, 0xc2, 0x48, 0x85  # +0x0390
    .byte 0xc0, 0x41, 0x0f, 0x95, 0xc0, 0x41, 0x20, 0xd0, 0x41, 0x80, 0xf8, 0x01, 0x75, 0x0c, 0x4c, 0x8d  # +0x03a0
    .byte 0x05, 0xed, 0x70, 0x00, 0x00, 0xe9, 0x71, 0xfe, 0xff, 0xff, 0x48, 0x83, 0xc4, 0x28, 0x5b, 0x5d  # +0x03b0
    .byte 0x5f, 0x5e, 0x41, 0x5e, 0x41, 0x5f, 0xc3, 0xcc, 0xcc, 0xcc, 0xcc, 0xcc, 0xcc, 0xcc, 0xcc, 0xcc  # +0x03c0

# RVA 0x1b73d0: Resolve addon image base from fixed wrapper anchor
.globl envcube_module_base
envcube_module_base:
    .byte 0x48, 0x8d, 0x0d, 0x79, 0x1a, 0x00, 0x00, 0x48, 0xb8, 0xb0, 0x71, 0xe4, 0xff, 0xff, 0xff, 0xff  # +0x03d0
    .byte 0xff, 0x48, 0x01, 0xc8, 0xc3, 0xcc, 0xcc, 0xcc, 0xcc, 0xcc, 0xcc, 0xcc, 0xcc, 0xcc, 0xcc, 0xcc  # +0x03e0

# RVA 0x1b73f0: Inherited V12 prepare + per-thread receiver ordinal staging
.globl envcube_prepare_wrapper
envcube_prepare_wrapper:
    .byte 0x56, 0x57, 0x53, 0x48, 0x83, 0xec, 0x20, 0x89, 0xd6, 0x48, 0x89, 0xcf, 0xe8, 0xcf, 0xff, 0xff  # +0x03f0
    .byte 0xff, 0x48, 0x89, 0xc3, 0x48, 0x05, 0x70, 0xab, 0x19, 0x00, 0x48, 0x89, 0xf9, 0x89, 0xf2, 0xff  # +0x0400
    .byte 0xd0, 0x48, 0x8b, 0x8b, 0x88, 0x22, 0x11, 0x00, 0x65, 0x48, 0x8b, 0x14, 0x25, 0x48, 0x00, 0x00  # +0x0410
    .byte 0x00, 0x48, 0x85, 0xc9, 0x0f, 0x94, 0xc0, 0x48, 0x85, 0xd2, 0x41, 0x0f, 0x94, 0xc0, 0x41, 0x08  # +0x0420
    .byte 0xc0, 0x75, 0x7f, 0x49, 0x89, 0xd0, 0x49, 0xc1, 0xe8, 0x11, 0x41, 0x31, 0xd0, 0x48, 0x81, 0xc1  # +0x0430
    .byte 0x98, 0x75, 0x00, 0x00, 0x41, 0xb9, 0x20, 0x00, 0x00, 0x00, 0xeb, 0x0e, 0x0f, 0x1f, 0x40, 0x00  # +0x0440
    .byte 0x41, 0x83, 0xc0, 0x02, 0x41, 0x83, 0xc1, 0xfe, 0x74, 0x58, 0x44, 0x89, 0xc0, 0x83, 0xe0, 0x1f  # +0x0450
    .byte 0xc1, 0xe0, 0x05, 0x4c, 0x8d, 0x14, 0x01, 0x48, 0x8b, 0x04, 0x01, 0x48, 0x39, 0xd0, 0x74, 0x33  # +0x0460
    .byte 0x48, 0x85, 0xc0, 0x75, 0x09, 0x31, 0xc0, 0xf0, 0x49, 0x0f, 0xb1, 0x12, 0x74, 0x25, 0x41, 0x8d  # +0x0470
    .byte 0x40, 0x01, 0x83, 0xe0, 0x1f, 0xc1, 0xe0, 0x05, 0x4c, 0x8d, 0x14, 0x01, 0x48, 0x8b, 0x04, 0x01  # +0x0480
    .byte 0x48, 0x39, 0xd0, 0x74, 0x0e, 0x48, 0x85, 0xc0, 0x75, 0xb6, 0x31, 0xc0, 0xf0, 0x49, 0x0f, 0xb1  # +0x0490
    .byte 0x12, 0x75, 0xad, 0x41, 0x89, 0x72, 0x08, 0x0f, 0xae, 0xf0, 0x41, 0xc7, 0x42, 0x0c, 0x01, 0x00  # +0x04a0
    .byte 0x00, 0x00, 0x48, 0x83, 0xc4, 0x20, 0x5b, 0x5f, 0x5e, 0xc3, 0xcc, 0xcc, 0xcc, 0xcc, 0xcc, 0xcc  # +0x04b0

# RVA 0x1b74c0: Main exact-slot route gate, cache/identity/transaction and t12/t14 bind
.globl envcube_pre_wrapper
envcube_pre_wrapper:
    .byte 0x41, 0x57, 0x41, 0x56, 0x41, 0x55, 0x41, 0x54, 0x56, 0x57, 0x55, 0x53, 0x48, 0x83, 0xec, 0x48  # +0x04c0
    .byte 0x48, 0x89, 0xcf, 0xe8, 0xf8, 0xfe, 0xff, 0xff, 0x48, 0x89, 0xc6, 0x48, 0x85, 0xff, 0x74, 0x75  # +0x04d0
    .byte 0x48, 0x8b, 0x98, 0x88, 0x22, 0x11, 0x00, 0x48, 0x85, 0xdb, 0x74, 0x69, 0x48, 0x89, 0xf1, 0x48  # +0x04e0
    .byte 0x89, 0xfa, 0x49, 0x89, 0xc7, 0xe8, 0xe6, 0x0b, 0x00, 0x00, 0x48, 0x89, 0xf1, 0x48, 0x89, 0xfa  # +0x04f0
    .byte 0xe8, 0x4b, 0x0d, 0x00, 0x00, 0x4d, 0x89, 0xfe, 0x49, 0x8d, 0x87, 0x10, 0xb4, 0x19, 0x00, 0x48  # +0x0500
    .byte 0x89, 0xf9, 0xff, 0xd0, 0x65, 0x48, 0x8b, 0x04, 0x25, 0x48, 0x00, 0x00, 0x00, 0x48, 0x85, 0xc0  # +0x0510
    .byte 0x74, 0x60, 0x48, 0x89, 0xc1, 0x48, 0xc1, 0xe9, 0x11, 0x48, 0x31, 0xc1, 0x89, 0xca, 0x83, 0xe2  # +0x0520
    .byte 0x1f, 0x41, 0x89, 0xd0, 0x41, 0xc1, 0xe0, 0x05, 0x4e, 0x8b, 0x8c, 0x03, 0x98, 0x75, 0x00, 0x00  # +0x0530
    .byte 0x49, 0x39, 0xc1, 0x75, 0x45, 0x4e, 0x8d, 0x24, 0x03, 0x49, 0x81, 0xc4, 0x98, 0x75, 0x00, 0x00  # +0x0540
    .byte 0xe9, 0xa2, 0x01, 0x00, 0x00, 0x48, 0x89, 0xf1, 0x48, 0x89, 0xfa, 0x48, 0x89, 0xc6, 0xe8, 0xed  # +0x0550
    .byte 0x0c, 0x00, 0x00, 0x48, 0x89, 0xf0, 0x48, 0x05, 0x10, 0xb4, 0x19, 0x00, 0x48, 0x89, 0xf9, 0x48  # +0x0560
    .byte 0x83, 0xc4, 0x48, 0x5b, 0x5d, 0x5f, 0x5e, 0x41, 0x5c, 0x41, 0x5d, 0x41, 0x5e, 0x41, 0x5f, 0x48  # +0x0570
    .byte 0xff, 0xe0, 0x45, 0x31, 0xe4, 0xe9, 0x6d, 0x01, 0x00, 0x00, 0x4c, 0x8d, 0xa3, 0x98, 0x75, 0x00  # +0x0580
    .byte 0x00, 0x44, 0x8d, 0x41, 0x01, 0x41, 0x83, 0xe0, 0x1f, 0x41, 0xc1, 0xe0, 0x05, 0x4f, 0x8b, 0x0c  # +0x0590
    .byte 0x04, 0x49, 0x39, 0xc1, 0x0f, 0x84, 0x4a, 0x01, 0x00, 0x00, 0x44, 0x8d, 0x41, 0x02, 0x41, 0x83  # +0x05a0
    .byte 0xe0, 0x1f, 0x41, 0xc1, 0xe0, 0x05, 0x4f, 0x8b, 0x0c, 0x04, 0x49, 0x39, 0xc1, 0x0f, 0x84, 0x31  # +0x05b0
    .byte 0x01, 0x00, 0x00, 0x44, 0x8d, 0x41, 0x03, 0x41, 0x83, 0xe0, 0x1f, 0x41, 0xc1, 0xe0, 0x05, 0x4f  # +0x05c0
    .byte 0x8b, 0x0c, 0x04, 0x49, 0x39, 0xc1, 0x0f, 0x84, 0x18, 0x01, 0x00, 0x00, 0x44, 0x8d, 0x41, 0x04  # +0x05d0
    .byte 0x41, 0x83, 0xe0, 0x1f, 0x41, 0xc1, 0xe0, 0x05, 0x4f, 0x8b, 0x0c, 0x04, 0x49, 0x39, 0xc1, 0x0f  # +0x05e0
    .byte 0x84, 0xff, 0x00, 0x00, 0x00, 0x44, 0x8d, 0x41, 0x05, 0x41, 0x83, 0xe0, 0x1f, 0x41, 0xc1, 0xe0  # +0x05f0
    .byte 0x05, 0x4f, 0x8b, 0x0c, 0x04, 0x49, 0x39, 0xc1, 0x0f, 0x84, 0xe6, 0x00, 0x00, 0x00, 0x44, 0x8d  # +0x0600
    .byte 0x41, 0x06, 0x41, 0x83, 0xe0, 0x1f, 0x41, 0xc1, 0xe0, 0x05, 0x4f, 0x8b, 0x0c, 0x04, 0x49, 0x39  # +0x0610
    .byte 0xc1, 0x0f, 0x84, 0xcd, 0x00, 0x00, 0x00, 0x44, 0x8d, 0x41, 0x07, 0x41, 0x83, 0xe0, 0x1f, 0x41  # +0x0620
    .byte 0xc1, 0xe0, 0x05, 0x4f, 0x8b, 0x0c, 0x04, 0x49, 0x39, 0xc1, 0x0f, 0x84, 0xb4, 0x00, 0x00, 0x00  # +0x0630
    .byte 0x44, 0x8d, 0x41, 0x08, 0x41, 0x83, 0xe0, 0x1f, 0x41, 0xc1, 0xe0, 0x05, 0x4f, 0x8b, 0x0c, 0x04  # +0x0640
    .byte 0x49, 0x39, 0xc1, 0x0f, 0x84, 0x9b, 0x00, 0x00, 0x00, 0x44, 0x8d, 0x41, 0x09, 0x41, 0x83, 0xe0  # +0x0650
    .byte 0x1f, 0x41, 0xc1, 0xe0, 0x05, 0x4f, 0x8b, 0x0c, 0x04, 0x49, 0x39, 0xc1, 0x0f, 0x84, 0x82, 0x00  # +0x0660
    .byte 0x00, 0x00, 0x44, 0x8d, 0x41, 0x0a, 0x41, 0x83, 0xe0, 0x1f, 0x41, 0xc1, 0xe0, 0x05, 0x4f, 0x8b  # +0x0670
    .byte 0x0c, 0x04, 0x49, 0x39, 0xc1, 0x74, 0x6d, 0x44, 0x8d, 0x41, 0x0b, 0x41, 0x83, 0xe0, 0x1f, 0x41  # +0x0680
    .byte 0xc1, 0xe0, 0x05, 0x4f, 0x8b, 0x0c, 0x04, 0x49, 0x39, 0xc1, 0x74, 0x58, 0x44, 0x8d, 0x41, 0x0c  # +0x0690
    .byte 0x41, 0x83, 0xe0, 0x1f, 0x41, 0xc1, 0xe0, 0x05, 0x4f, 0x8b, 0x0c, 0x04, 0x49, 0x39, 0xc1, 0x74  # +0x06a0
    .byte 0x43, 0x44, 0x8d, 0x41, 0x0d, 0x41, 0x83, 0xe0, 0x1f, 0x41, 0xc1, 0xe0, 0x05, 0x4f, 0x8b, 0x0c  # +0x06b0
    .byte 0x04, 0x49, 0x39, 0xc1, 0x74, 0x2e, 0x44, 0x8d, 0x41, 0x0e, 0x41, 0x83, 0xe0, 0x1f, 0x41, 0xc1  # +0x06c0
    .byte 0xe0, 0x05, 0x4f, 0x8b, 0x0c, 0x04, 0x49, 0x39, 0xc1, 0x74, 0x19, 0x44, 0x8d, 0x41, 0x0f, 0x41  # +0x06d0
    .byte 0x83, 0xe0, 0x1f, 0x41, 0xc1, 0xe0, 0x05, 0x4f, 0x8b, 0x0c, 0x04, 0x49, 0x39, 0xc1, 0x0f, 0x85  # +0x06e0
    .byte 0x0b, 0x08, 0x00, 0x00, 0x4d, 0x01, 0xc4, 0x4c, 0x89, 0xf2, 0x48, 0x81, 0xc2, 0x80, 0x22, 0x11  # +0x06f0
    .byte 0x00, 0x65, 0x48, 0x8b, 0x04, 0x25, 0x58, 0x00, 0x00, 0x00, 0x48, 0x85, 0xc0, 0x74, 0x15, 0x8b  # +0x0700
    .byte 0x8e, 0x50, 0x7b, 0x10, 0x00, 0x48, 0x8b, 0x04, 0xc8, 0x48, 0x85, 0xc0, 0x74, 0x06, 0x83, 0x78  # +0x0710
    .byte 0x14, 0x16, 0x76, 0x79, 0x4d, 0x85, 0xe4, 0x74, 0x1b, 0x41, 0xc7, 0x44, 0x24, 0x0c, 0x00, 0x00  # +0x0720
    .byte 0x00, 0x00, 0x41, 0xc7, 0x44, 0x24, 0x1c, 0x00, 0x00, 0x00, 0x00, 0x41, 0xc7, 0x44, 0x24, 0x18  # +0x0730
    .byte 0x00, 0x00, 0x00, 0x00, 0xb8, 0x01, 0x00, 0x00, 0x00, 0xf0, 0x0f, 0xc1, 0x42, 0x74, 0x85, 0xc0  # +0x0740
    .byte 0x0f, 0x85, 0x4b, 0x09, 0x00, 0x00, 0x48, 0x8b, 0x8e, 0x08, 0x20, 0x11, 0x00, 0x48, 0x8b, 0x86  # +0x0750
    .byte 0x10, 0x20, 0x11, 0x00, 0x48, 0x85, 0xc9, 0x0f, 0x95, 0xc2, 0x48, 0x85, 0xc0, 0x41, 0x0f, 0x95  # +0x0760
    .byte 0xc0, 0x41, 0x20, 0xd0, 0x41, 0x80, 0xf8, 0x01, 0x0f, 0x85, 0x23, 0x09, 0x00, 0x00, 0x4c, 0x8d  # +0x0770
    .byte 0x05, 0xbb, 0x6a, 0x00, 0x00, 0xba, 0x03, 0x00, 0x00, 0x00, 0x48, 0x83, 0xc4, 0x48, 0x5b, 0x5d  # +0x0780
    .byte 0x5f, 0x5e, 0x41, 0x5c, 0x41, 0x5d, 0x41, 0x5e, 0x41, 0x5f, 0x48, 0xff, 0xe0, 0x4d, 0x85, 0xe4  # +0x0790
    .byte 0x74, 0x30, 0x41, 0x8b, 0x44, 0x24, 0x0c, 0x85, 0xc0, 0x74, 0x15, 0x41, 0x8b, 0x44, 0x24, 0x08  # +0x07a0
    .byte 0x41, 0xc7, 0x44, 0x24, 0x0c, 0x00, 0x00, 0x00, 0x00, 0x3d, 0x70, 0x01, 0x00, 0x00, 0x72, 0x58  # +0x07b0
    .byte 0x41, 0xc7, 0x44, 0x24, 0x1c, 0x00, 0x00, 0x00, 0x00, 0x41, 0xc7, 0x44, 0x24, 0x18, 0x00, 0x00  # +0x07c0
    .byte 0x00, 0x00, 0xb8, 0x01, 0x00, 0x00, 0x00, 0xf0, 0x0f, 0xc1, 0x42, 0x68, 0x85, 0xc0, 0x0f, 0x85  # +0x07d0
    .byte 0xbd, 0x08, 0x00, 0x00, 0x48, 0x8b, 0x8e, 0x08, 0x20, 0x11, 0x00, 0x48, 0x8b, 0x86, 0x10, 0x20  # +0x07e0
    .byte 0x11, 0x00, 0x48, 0x85, 0xc9, 0x0f, 0x95, 0xc2, 0x48, 0x85, 0xc0, 0x41, 0x0f, 0x95, 0xc0, 0x41  # +0x07f0
    .byte 0x20, 0xd0, 0x41, 0x80, 0xf8, 0x01, 0x0f, 0x85, 0x95, 0x08, 0x00, 0x00, 0x4c, 0x8d, 0x05, 0x56  # +0x0800
    .byte 0x6a, 0x00, 0x00, 0xe9, 0x6d, 0xff, 0xff, 0xff, 0x48, 0x8d, 0x0d, 0xe1, 0x57, 0x00, 0x00, 0x0f  # +0x0810
    .byte 0xb6, 0x2c, 0x08, 0x48, 0xc7, 0x44, 0x24, 0x30, 0x00, 0x00, 0x00, 0x00, 0x48, 0x8b, 0x07, 0x48  # +0x0820
    .byte 0x85, 0xc0, 0x49, 0x89, 0xd5, 0x74, 0x2b, 0x48, 0x8b, 0x80, 0x48, 0x02, 0x00, 0x00, 0x48, 0x85  # +0x0830
    .byte 0xc0, 0x74, 0x1f, 0x4c, 0x8d, 0x4c, 0x24, 0x30, 0x48, 0x89, 0xf9, 0xba, 0x0c, 0x00, 0x00, 0x00  # +0x0840
    .byte 0x41, 0xb8, 0x01, 0x00, 0x00, 0x00, 0xff, 0xd0, 0x4c, 0x89, 0xea, 0x4c, 0x8b, 0x7c, 0x24, 0x30  # +0x0850
    .byte 0xeb, 0x03, 0x45, 0x31, 0xff, 0x48, 0xc7, 0x44, 0x24, 0x30, 0x00, 0x00, 0x00, 0x00, 0x48, 0x8b  # +0x0860
    .byte 0x07, 0x48, 0x85, 0xc0, 0x74, 0x6e, 0x48, 0x8b, 0x80, 0x48, 0x02, 0x00, 0x00, 0x48, 0x85, 0xc0  # +0x0870
    .byte 0x74, 0x62, 0x4c, 0x8d, 0x4c, 0x24, 0x30, 0x48, 0x89, 0xf9, 0xba, 0x0e, 0x00, 0x00, 0x00, 0x41  # +0x0880
    .byte 0xb8, 0x01, 0x00, 0x00, 0x00, 0xff, 0xd0, 0x4c, 0x8b, 0x74, 0x24, 0x30, 0x4d, 0x85, 0xff, 0x0f  # +0x0890
    .byte 0x95, 0xc0, 0x4d, 0x85, 0xf6, 0x0f, 0x95, 0xc1, 0x84, 0xc8, 0x74, 0x3d, 0x41, 0x8b, 0x44, 0x24  # +0x08a0
    .byte 0x18, 0x41, 0x8b, 0x4c, 0x24, 0x1c, 0x85, 0xc0, 0x0f, 0x94, 0xc0, 0x4d, 0x89, 0xe9, 0x48, 0x89  # +0x08b0
    .byte 0x6c, 0x24, 0x38, 0x0f, 0x84, 0xbe, 0x00, 0x00, 0x00, 0x45, 0x8b, 0x54, 0x24, 0x10, 0x85, 0xc9  # +0x08c0
    .byte 0x0f, 0x84, 0x25, 0x01, 0x00, 0x00, 0x41, 0x8b, 0x6c, 0x24, 0x14, 0x31, 0xc9, 0x31, 0xc0, 0xe9  # +0x08d0
    .byte 0x8a, 0x01, 0x00, 0x00, 0x45, 0x31, 0xf6, 0xeb, 0x03, 0x4c, 0x89, 0xea, 0x4d, 0x85, 0xff, 0x74  # +0x08e0
    .byte 0x19, 0x49, 0x8b, 0x07, 0x48, 0x85, 0xc0, 0x74, 0x11, 0x48, 0x8b, 0x40, 0x10, 0x48, 0x85, 0xc0  # +0x08f0
    .byte 0x74, 0x08, 0x4c, 0x89, 0xf9, 0xff, 0xd0, 0x4c, 0x89, 0xea, 0x4d, 0x85, 0xf6, 0x74, 0x19, 0x49  # +0x0900
    .byte 0x8b, 0x06, 0x48, 0x85, 0xc0, 0x74, 0x11, 0x48, 0x8b, 0x40, 0x10, 0x48, 0x85, 0xc0, 0x74, 0x08  # +0x0910
    .byte 0x4c, 0x89, 0xf1, 0xff, 0xd0, 0x4c, 0x89, 0xea, 0x41, 0xc7, 0x44, 0x24, 0x1c, 0x00, 0x00, 0x00  # +0x0920
    .byte 0x00, 0x41, 0xc7, 0x44, 0x24, 0x18, 0x00, 0x00, 0x00, 0x00, 0xb8, 0x01, 0x00, 0x00, 0x00, 0xf0  # +0x0930
    .byte 0x0f, 0xc1, 0x42, 0x78, 0x85, 0xc0, 0x0f, 0x85, 0x55, 0x07, 0x00, 0x00, 0x48, 0x8b, 0x8e, 0x08  # +0x0940
    .byte 0x20, 0x11, 0x00, 0x48, 0x8b, 0x86, 0x10, 0x20, 0x11, 0x00, 0x48, 0x85, 0xc9, 0x0f, 0x95, 0xc2  # +0x0950
    .byte 0x48, 0x85, 0xc0, 0x41, 0x0f, 0x95, 0xc0, 0x41, 0x20, 0xd0, 0x41, 0x80, 0xf8, 0x01, 0x0f, 0x85  # +0x0960
    .byte 0x2d, 0x07, 0x00, 0x00, 0x4c, 0x8d, 0x05, 0x14, 0x69, 0x00, 0x00, 0xba, 0x03, 0x00, 0x00, 0x00  # +0x0970
    .byte 0xff, 0xd0, 0xe9, 0x1a, 0x07, 0x00, 0x00, 0xba, 0xff, 0xff, 0xff, 0xff, 0xbd, 0xff, 0xff, 0xff  # +0x0980
    .byte 0xff, 0x85, 0xc9, 0x74, 0x0d, 0x45, 0x8b, 0x54, 0x24, 0x14, 0x4d, 0x39, 0xf7, 0x74, 0x61, 0x44  # +0x0990
    .byte 0x89, 0xd5, 0x45, 0x31, 0xc0, 0xeb, 0x11, 0x49, 0x8d, 0x50, 0x02, 0x49, 0x83, 0xc0, 0x03, 0x49  # +0x09a0
    .byte 0x81, 0xf8, 0x56, 0x01, 0x00, 0x00, 0x74, 0x36, 0x4e, 0x39, 0xbc, 0xc3, 0x20, 0x40, 0x00, 0x00  # +0x09b0
    .byte 0x75, 0x07, 0x85, 0xd2, 0x79, 0x23, 0x44, 0x89, 0xc2, 0x4e, 0x39, 0xbc, 0xc3, 0x28, 0x40, 0x00  # +0x09c0
    .byte 0x00, 0x75, 0x08, 0x85, 0xd2, 0x79, 0x12, 0x49, 0x8d, 0x50, 0x01, 0x4e, 0x39, 0xbc, 0xc3, 0x30  # +0x09d0
    .byte 0x40, 0x00, 0x00, 0x75, 0xc6, 0x85, 0xd2, 0x78, 0xbe, 0xba, 0xfe, 0xff, 0xff, 0xff, 0x85, 0xc9  # +0x09e0
    .byte 0x74, 0x17, 0xb0, 0x01, 0x31, 0xc9, 0x41, 0x89, 0xd2, 0xeb, 0x73, 0x4d, 0x39, 0xf7, 0x75, 0x0c  # +0x09f0
    .byte 0x31, 0xc9, 0x31, 0xc0, 0x44, 0x89, 0xd5, 0xeb, 0x65, 0x41, 0x89, 0xd2, 0xbd, 0xff, 0xff, 0xff  # +0x0a00
    .byte 0xff, 0x31, 0xc9, 0xeb, 0x0d, 0x48, 0x83, 0xc1, 0x03, 0x48, 0x81, 0xf9, 0x56, 0x01, 0x00, 0x00  # +0x0a10
    .byte 0x74, 0x4a, 0x4c, 0x39, 0xb4, 0xcb, 0xd0, 0x4a, 0x00, 0x00, 0x75, 0x06, 0x85, 0xed, 0x79, 0x28  # +0x0a20
    .byte 0x89, 0xcd, 0x4c, 0x39, 0xb4, 0xcb, 0xd8, 0x4a, 0x00, 0x00, 0x75, 0x08, 0x85, 0xed, 0x79, 0x18  # +0x0a30
    .byte 0x48, 0x8d, 0x69, 0x01, 0x4c, 0x39, 0xb4, 0xcb, 0xe0, 0x4a, 0x00, 0x00, 0x75, 0xc7, 0x85, 0xed  # +0x0a40
    .byte 0x79, 0x06, 0x48, 0x8d, 0x69, 0x02, 0xeb, 0xbd, 0x41, 0xc7, 0x44, 0x24, 0x1c, 0x00, 0x00, 0x00  # +0x0a50
    .byte 0x00, 0x41, 0xc7, 0x44, 0x24, 0x18, 0x00, 0x00, 0x00, 0x00, 0xeb, 0x4b, 0xb1, 0x01, 0x41, 0xc7  # +0x0a60
    .byte 0x44, 0x24, 0x1c, 0x00, 0x00, 0x00, 0x00, 0x41, 0xc7, 0x44, 0x24, 0x18, 0x00, 0x00, 0x00, 0x00  # +0x0a70
    .byte 0x41, 0x81, 0xfa, 0x55, 0x01, 0x00, 0x00, 0x77, 0x2e, 0x81, 0xfd, 0x56, 0x01, 0x00, 0x00, 0x73  # +0x0a80
    .byte 0x26, 0x84, 0xc0, 0x0f, 0x84, 0x97, 0x00, 0x00, 0x00, 0x84, 0xc9, 0x0f, 0x84, 0xe5, 0x00, 0x00  # +0x0a90
    .byte 0x00, 0x44, 0x89, 0xd0, 0x4c, 0x39, 0xbc, 0xc3, 0x20, 0x40, 0x00, 0x00, 0x0f, 0x84, 0xc3, 0x00  # +0x0aa0
    .byte 0x00, 0x00, 0xe9, 0x14, 0x01, 0x00, 0x00, 0x49, 0x8b, 0x07, 0x48, 0x85, 0xc0, 0x74, 0x11, 0x48  # +0x0ab0
    .byte 0x8b, 0x40, 0x10, 0x48, 0x85, 0xc0, 0x74, 0x08, 0x4c, 0x89, 0xf9, 0xff, 0xd0, 0x4d, 0x89, 0xe9  # +0x0ac0
    .byte 0x49, 0x8b, 0x06, 0x48, 0x85, 0xc0, 0x74, 0x11, 0x48, 0x8b, 0x40, 0x10, 0x48, 0x85, 0xc0, 0x74  # +0x0ad0
    .byte 0x08, 0x4c, 0x89, 0xf1, 0xff, 0xd0, 0x4d, 0x89, 0xe9, 0xb8, 0x01, 0x00, 0x00, 0x00, 0xf0, 0x41  # +0x0ae0
    .byte 0x0f, 0xc1, 0x41, 0x6c, 0x85, 0xc0, 0x0f, 0x85, 0xa5, 0x05, 0x00, 0x00, 0x48, 0x8b, 0x8e, 0x08  # +0x0af0
    .byte 0x20, 0x11, 0x00, 0x48, 0x8b, 0x86, 0x10, 0x20, 0x11, 0x00, 0x48, 0x85, 0xc9, 0x0f, 0x95, 0xc2  # +0x0b00
    .byte 0x48, 0x85, 0xc0, 0x41, 0x0f, 0x95, 0xc0, 0x41, 0x20, 0xd0, 0x41, 0x80, 0xf8, 0x01, 0x0f, 0x85  # +0x0b10
    .byte 0x7d, 0x05, 0x00, 0x00, 0x4c, 0x8d, 0x05, 0x90, 0x67, 0x00, 0x00, 0xe9, 0x4b, 0xfe, 0xff, 0xff  # +0x0b20
    .byte 0x4c, 0x8d, 0x8b, 0xe0, 0x6a, 0x00, 0x00, 0x4c, 0x8d, 0x83, 0x80, 0x55, 0x00, 0x00, 0x48, 0x8d  # +0x0b30
    .byte 0x93, 0x20, 0x40, 0x00, 0x00, 0x4c, 0x89, 0x7c, 0x24, 0x28, 0x4c, 0x89, 0x54, 0x24, 0x40, 0x44  # +0x0b40
    .byte 0x89, 0x54, 0x24, 0x20, 0x41, 0x89, 0xcc, 0x48, 0x89, 0xf1, 0xe8, 0x01, 0x0d, 0x00, 0x00, 0x45  # +0x0b50
    .byte 0x84, 0xe4, 0x0f, 0x84, 0xd9, 0x00, 0x00, 0x00, 0x85, 0xc0, 0x4c, 0x8b, 0x54, 0x24, 0x40, 0x0f  # +0x0b60
    .byte 0x84, 0xd6, 0x01, 0x00, 0x00, 0x89, 0xe8, 0x4c, 0x39, 0xb4, 0xc3, 0xd0, 0x4a, 0x00, 0x00, 0x75  # +0x0b70
    .byte 0x4a, 0xe9, 0xfa, 0x00, 0x00, 0x00, 0x4c, 0x8d, 0x8b, 0x38, 0x70, 0x00, 0x00, 0x4c, 0x8d, 0x83  # +0x0b80
    .byte 0x30, 0x60, 0x00, 0x00, 0x48, 0x8d, 0x93, 0xd0, 0x4a, 0x00, 0x00, 0x4c, 0x89, 0x74, 0x24, 0x28  # +0x0b90
    .byte 0x89, 0x6c, 0x24, 0x20, 0x48, 0x89, 0xf1, 0x4d, 0x89, 0xd4, 0xe8, 0xb1, 0x0c, 0x00, 0x00, 0x85  # +0x0ba0
    .byte 0xc0, 0x0f, 0x84, 0x94, 0x01, 0x00, 0x00, 0x4d, 0x89, 0xe2, 0x44, 0x89, 0xd0, 0x4c, 0x39, 0xbc  # +0x0bb0
    .byte 0xc3, 0x20, 0x40, 0x00, 0x00, 0x0f, 0x84, 0xb5, 0x00, 0x00, 0x00, 0x49, 0x8b, 0x07, 0x48, 0x85  # +0x0bc0
    .byte 0xc0, 0x74, 0x0e, 0x48, 0x8b, 0x40, 0x10, 0x48, 0x85, 0xc0, 0x74, 0x05, 0x4c, 0x89, 0xf9, 0xff  # +0x0bd0
    .byte 0xd0, 0x49, 0x8b, 0x06, 0x48, 0x85, 0xc0, 0x74, 0x0e, 0x48, 0x8b, 0x40, 0x10, 0x48, 0x85, 0xc0  # +0x0be0
    .byte 0x74, 0x05, 0x4c, 0x89, 0xf1, 0xff, 0xd0, 0xb8, 0x01, 0x00, 0x00, 0x00, 0xf0, 0x41, 0x0f, 0xc1  # +0x0bf0
    .byte 0x85, 0x80, 0x00, 0x00, 0x00, 0x85, 0xc0, 0x0f, 0x85, 0x94, 0x04, 0x00, 0x00, 0x48, 0x8b, 0x8e  # +0x0c00
    .byte 0x08, 0x20, 0x11, 0x00, 0x48, 0x8b, 0x86, 0x10, 0x20, 0x11, 0x00, 0x48, 0x85, 0xc9, 0x0f, 0x95  # +0x0c10
    .byte 0xc2, 0x48, 0x85, 0xc0, 0x41, 0x0f, 0x95, 0xc0, 0x41, 0x20, 0xd0, 0x41, 0x80, 0xf8, 0x01, 0x0f  # +0x0c20
    .byte 0x85, 0x6c, 0x04, 0x00, 0x00, 0x4c, 0x8d, 0x05, 0xa8, 0x66, 0x00, 0x00, 0xe9, 0x3a, 0xfd, 0xff  # +0x0c30
    .byte 0xff, 0x41, 0x89, 0xc4, 0x4c, 0x8d, 0x8b, 0x38, 0x70, 0x00, 0x00, 0x4c, 0x8d, 0x83, 0x30, 0x60  # +0x0c40
    .byte 0x00, 0x00, 0x48, 0x8d, 0x93, 0xd0, 0x4a, 0x00, 0x00, 0x4c, 0x89, 0x74, 0x24, 0x28, 0x89, 0x6c  # +0x0c50
    .byte 0x24, 0x20, 0x48, 0x89, 0xf1, 0xe8, 0xf6, 0x0b, 0x00, 0x00, 0x85, 0xc0, 0x4c, 0x8b, 0x54, 0x24  # +0x0c60
    .byte 0x40, 0x0f, 0x84, 0xd4, 0x00, 0x00, 0x00, 0x45, 0x85, 0xe4, 0x0f, 0x84, 0xcb, 0x00, 0x00, 0x00  # +0x0c70
    .byte 0x48, 0x8b, 0x44, 0x24, 0x38, 0x46, 0x8d, 0x24, 0x90, 0x42, 0x8b, 0x04, 0xa3, 0x83, 0xf8, 0x02  # +0x0c80
    .byte 0x0f, 0x85, 0xee, 0x00, 0x00, 0x00, 0x48, 0x8b, 0x44, 0x24, 0x38, 0x8d, 0x2c, 0xa8, 0x8b, 0x04  # +0x0c90
    .byte 0xab, 0x83, 0xf8, 0x02, 0x0f, 0x85, 0xda, 0x00, 0x00, 0x00, 0x4a, 0x83, 0xbc, 0xe3, 0x60, 0x15  # +0x0ca0
    .byte 0x00, 0x00, 0x00, 0x0f, 0x84, 0xcb, 0x00, 0x00, 0x00, 0x48, 0x83, 0xbc, 0xeb, 0x60, 0x15, 0x00  # +0x0cb0
    .byte 0x00, 0x00, 0x0f, 0x84, 0xbc, 0x00, 0x00, 0x00, 0x48, 0x89, 0xd9, 0x48, 0x89, 0xfa, 0x41, 0xb8  # +0x0cc0
    .byte 0x01, 0x00, 0x00, 0x00, 0xe8, 0xb7, 0x0d, 0x00, 0x00, 0x48, 0x85, 0xc0, 0x0f, 0x84, 0x15, 0x01  # +0x0cd0
    .byte 0x00, 0x00, 0x4c, 0x89, 0x78, 0x08, 0x4c, 0x89, 0x70, 0x10, 0xc7, 0x40, 0x18, 0x01, 0x00, 0x00  # +0x0ce0
    .byte 0x00, 0x4a, 0x8b, 0x84, 0xe3, 0x60, 0x15, 0x00, 0x00, 0x48, 0x89, 0x44, 0x24, 0x30, 0x48, 0x8b  # +0x0cf0
    .byte 0x07, 0x48, 0x85, 0xc0, 0x0f, 0x84, 0x8b, 0x01, 0x00, 0x00, 0x4c, 0x8b, 0x50, 0x40, 0x4d, 0x85  # +0x0d00
    .byte 0xd2, 0x0f, 0x84, 0x53, 0x01, 0x00, 0x00, 0x4c, 0x8d, 0x4c, 0x24, 0x30, 0x48, 0x89, 0xf9, 0xba  # +0x0d10
    .byte 0x0c, 0x00, 0x00, 0x00, 0x41, 0xb8, 0x01, 0x00, 0x00, 0x00, 0x41, 0xff, 0xd2, 0x48, 0x8b, 0x07  # +0x0d20
    .byte 0x48, 0x8b, 0x8c, 0xeb, 0x60, 0x15, 0x00, 0x00, 0x48, 0x89, 0x4c, 0x24, 0x30, 0x48, 0x85, 0xc0  # +0x0d30
    .byte 0x0f, 0x85, 0x31, 0x01, 0x00, 0x00, 0xe9, 0x4a, 0x01, 0x00, 0x00, 0x49, 0x8b, 0x07, 0x48, 0x85  # +0x0d40
    .byte 0xc0, 0x74, 0x0e, 0x48, 0x8b, 0x40, 0x10, 0x48, 0x85, 0xc0, 0x74, 0x05, 0x4c, 0x89, 0xf9, 0xff  # +0x0d50
    .byte 0xd0, 0x49, 0x8b, 0x06, 0x48, 0x85, 0xc0, 0x0f, 0x84, 0x34, 0x03, 0x00, 0x00, 0x48, 0x8b, 0x40  # +0x0d60
    .byte 0x10, 0x48, 0x85, 0xc0, 0x0f, 0x84, 0x27, 0x03, 0x00, 0x00, 0x4c, 0x89, 0xf1, 0xff, 0xd0, 0xe9  # +0x0d70
    .byte 0x1d, 0x03, 0x00, 0x00, 0x49, 0x8b, 0x07, 0x48, 0x85, 0xc0, 0x74, 0x0e, 0x48, 0x8b, 0x40, 0x10  # +0x0d80
    .byte 0x48, 0x85, 0xc0, 0x74, 0x05, 0x4c, 0x89, 0xf9, 0xff, 0xd0, 0x49, 0x8b, 0x06, 0x48, 0x85, 0xc0  # +0x0d90
    .byte 0x74, 0x0e, 0x48, 0x8b, 0x40, 0x10, 0x48, 0x85, 0xc0, 0x74, 0x05, 0x4c, 0x89, 0xf1, 0xff, 0xd0  # +0x0da0
    .byte 0xb8, 0x01, 0x00, 0x00, 0x00, 0xf0, 0x41, 0x0f, 0xc1, 0x45, 0x70, 0x85, 0xc0, 0x0f, 0x85, 0xde  # +0x0db0
    .byte 0x02, 0x00, 0x00, 0x48, 0x8b, 0x8e, 0x08, 0x20, 0x11, 0x00, 0x48, 0x8b, 0x86, 0x10, 0x20, 0x11  # +0x0dc0
    .byte 0x00, 0x48, 0x85, 0xc9, 0x0f, 0x95, 0xc2, 0x48, 0x85, 0xc0, 0x41, 0x0f, 0x95, 0xc0, 0x41, 0x20  # +0x0dd0
    .byte 0xd0, 0x41, 0x80, 0xf8, 0x01, 0x0f, 0x85, 0xb6, 0x02, 0x00, 0x00, 0x4c, 0x8d, 0x05, 0x28, 0x65  # +0x0de0
    .byte 0x00, 0x00, 0xe9, 0x84, 0xfb, 0xff, 0xff, 0x49, 0x8b, 0x07, 0x48, 0x85, 0xc0, 0x74, 0x0e, 0x48  # +0x0df0
    .byte 0x8b, 0x40, 0x10, 0x48, 0x85, 0xc0, 0x74, 0x05, 0x4c, 0x89, 0xf9, 0xff, 0xd0, 0x49, 0x8b, 0x06  # +0x0e00
    .byte 0x48, 0x85, 0xc0, 0x74, 0x0e, 0x48, 0x8b, 0x40, 0x10, 0x48, 0x85, 0xc0, 0x74, 0x05, 0x4c, 0x89  # +0x0e10
    .byte 0xf1, 0xff, 0xd0, 0xb8, 0x01, 0x00, 0x00, 0x00, 0xf0, 0x41, 0x0f, 0xc1, 0x45, 0x78, 0x85, 0xc0  # +0x0e20
    .byte 0x0f, 0x85, 0x6b, 0x02, 0x00, 0x00, 0x48, 0x8b, 0x8e, 0x08, 0x20, 0x11, 0x00, 0x48, 0x8b, 0x86  # +0x0e30
    .byte 0x10, 0x20, 0x11, 0x00, 0x48, 0x85, 0xc9, 0x0f, 0x95, 0xc2, 0x48, 0x85, 0xc0, 0x41, 0x0f, 0x95  # +0x0e40
    .byte 0xc0, 0x41, 0x20, 0xd0, 0x41, 0x80, 0xf8, 0x01, 0x0f, 0x85, 0x43, 0x02, 0x00, 0x00, 0x4c, 0x8d  # +0x0e50
    .byte 0x05, 0xdb, 0x64, 0x00, 0x00, 0xe9, 0x11, 0xfb, 0xff, 0xff, 0x48, 0x8b, 0x8c, 0xeb, 0x60, 0x15  # +0x0e60
    .byte 0x00, 0x00, 0x48, 0x89, 0x4c, 0x24, 0x30, 0x48, 0x8b, 0x40, 0x40, 0x48, 0x85, 0xc0, 0x74, 0x15  # +0x0e70
    .byte 0x4c, 0x8d, 0x4c, 0x24, 0x30, 0x48, 0x89, 0xf9, 0xba, 0x0e, 0x00, 0x00, 0x00, 0x41, 0xb8, 0x01  # +0x0e80
    .byte 0x00, 0x00, 0x00, 0xff, 0xd0, 0x48, 0x8b, 0x44, 0x24, 0x38, 0x83, 0xe0, 0x1f, 0xf0, 0x41, 0x0f  # +0x0e90
    .byte 0xab, 0x85, 0x84, 0x00, 0x00, 0x00, 0x0f, 0x82, 0xb6, 0x01, 0x00, 0x00, 0x48, 0x8b, 0x8e, 0x08  # +0x0ea0
    .byte 0x20, 0x11, 0x00, 0x48, 0x8b, 0x86, 0x10, 0x20, 0x11, 0x00, 0x48, 0x85, 0xc9, 0x41, 0x0f, 0x95  # +0x0eb0
    .byte 0xc0, 0x48, 0x85, 0xc0, 0x0f, 0x95, 0xc2, 0x44, 0x20, 0xc2, 0x83, 0x7c, 0x24, 0x38, 0x02, 0x0f  # +0x0ec0
    .byte 0x84, 0x6e, 0x01, 0x00, 0x00, 0x83, 0x7c, 0x24, 0x38, 0x01, 0x0f, 0x84, 0x56, 0x01, 0x00, 0x00  # +0x0ed0
    .byte 0x83, 0x7c, 0x24, 0x38, 0x00, 0x0f, 0x85, 0x65, 0x01, 0x00, 0x00, 0x84, 0xd2, 0x0f, 0x84, 0x6f  # +0x0ee0
    .byte 0x01, 0x00, 0x00, 0x4c, 0x8d, 0x05, 0x6a, 0x64, 0x00, 0x00, 0xe9, 0x5c, 0x01, 0x00, 0x00, 0x83  # +0x0ef0
    .byte 0xf2, 0x10, 0xc1, 0xe2, 0x05, 0x4d, 0x8b, 0x04, 0x14, 0x49, 0x39, 0xc0, 0x0f, 0x84, 0x1c, 0x01  # +0x0f00
    .byte 0x00, 0x00, 0x8d, 0x51, 0x11, 0x83, 0xe2, 0x1f, 0xc1, 0xe2, 0x05, 0x4d, 0x8b, 0x04, 0x14, 0x49  # +0x0f10
    .byte 0x39, 0xc0, 0x0f, 0x84, 0x06, 0x01, 0x00, 0x00, 0x8d, 0x51, 0x12, 0x83, 0xe2, 0x1f, 0xc1, 0xe2  # +0x0f20
    .byte 0x05, 0x4d, 0x8b, 0x04, 0x14, 0x49, 0x39, 0xc0, 0x0f, 0x84, 0xf0, 0x00, 0x00, 0x00, 0x8d, 0x51  # +0x0f30
    .byte 0x13, 0x83, 0xe2, 0x1f, 0xc1, 0xe2, 0x05, 0x4d, 0x8b, 0x04, 0x14, 0x49, 0x39, 0xc0, 0x0f, 0x84  # +0x0f40
    .byte 0xda, 0x00, 0x00, 0x00, 0x8d, 0x51, 0x14, 0x83, 0xe2, 0x1f, 0xc1, 0xe2, 0x05, 0x4d, 0x8b, 0x04  # +0x0f50
    .byte 0x14, 0x49, 0x39, 0xc0, 0x0f, 0x84, 0xc4, 0x00, 0x00, 0x00, 0x8d, 0x51, 0x15, 0x83, 0xe2, 0x1f  # +0x0f60
    .byte 0xc1, 0xe2, 0x05, 0x4d, 0x8b, 0x04, 0x14, 0x49, 0x39, 0xc0, 0x0f, 0x84, 0xae, 0x00, 0x00, 0x00  # +0x0f70
    .byte 0x8d, 0x51, 0x16, 0x83, 0xe2, 0x1f, 0xc1, 0xe2, 0x05, 0x4d, 0x8b, 0x04, 0x14, 0x49, 0x39, 0xc0  # +0x0f80
    .byte 0x0f, 0x84, 0x98, 0x00, 0x00, 0x00, 0x8d, 0x51, 0x17, 0x83, 0xe2, 0x1f, 0xc1, 0xe2, 0x05, 0x4d  # +0x0f90
    .byte 0x8b, 0x04, 0x14, 0x49, 0x39, 0xc0, 0x0f, 0x84, 0x82, 0x00, 0x00, 0x00, 0x8d, 0x51, 0x18, 0x83  # +0x0fa0
    .byte 0xe2, 0x1f, 0xc1, 0xe2, 0x05, 0x4d, 0x8b, 0x04, 0x14, 0x49, 0x39, 0xc0, 0x74, 0x70, 0x8d, 0x51  # +0x0fb0
    .byte 0x19, 0x83, 0xe2, 0x1f, 0xc1, 0xe2, 0x05, 0x4d, 0x8b, 0x04, 0x14, 0x49, 0x39, 0xc0, 0x74, 0x5e  # +0x0fc0
    .byte 0x8d, 0x51, 0x1a, 0x83, 0xe2, 0x1f, 0xc1, 0xe2, 0x05, 0x4d, 0x8b, 0x04, 0x14, 0x49, 0x39, 0xc0  # +0x0fd0
    .byte 0x74, 0x4c, 0x8d, 0x51, 0x1b, 0x83, 0xe2, 0x1f, 0xc1, 0xe2, 0x05, 0x4d, 0x8b, 0x04, 0x14, 0x49  # +0x0fe0
    .byte 0x39, 0xc0, 0x74, 0x3a, 0x8d, 0x51, 0x1c, 0x83, 0xe2, 0x1f, 0xc1, 0xe2, 0x05, 0x4d, 0x8b, 0x04  # +0x0ff0
    .byte 0x14, 0x49, 0x39, 0xc0, 0x74, 0x28, 0x8d, 0x51, 0x1d, 0x83, 0xe2, 0x1f, 0xc1, 0xe2, 0x05, 0x4d  # +0x1000
    .byte 0x8b, 0x04, 0x14, 0x49, 0x39, 0xc0, 0x74, 0x16, 0x8d, 0x51, 0x1e, 0x83, 0xe2, 0x1f, 0xc1, 0xe2  # +0x1010
    .byte 0x05, 0x4d, 0x8b, 0x04, 0x14, 0x49, 0x39, 0xc0, 0x0f, 0x85, 0x84, 0x00, 0x00, 0x00, 0x49, 0x01  # +0x1020
    .byte 0xd4, 0xe9, 0xc1, 0xf6, 0xff, 0xff, 0x84, 0xd2, 0x74, 0x28, 0x4c, 0x8d, 0x05, 0x45, 0x63, 0x00  # +0x1030
    .byte 0x00, 0xeb, 0x18, 0x84, 0xd2, 0x74, 0x1b, 0x4c, 0x8d, 0x05, 0x5a, 0x63, 0x00, 0x00, 0xeb, 0x0b  # +0x1040
    .byte 0x84, 0xd2, 0x74, 0x0e, 0x4c, 0x8d, 0x05, 0x6f, 0x63, 0x00, 0x00, 0xba, 0x03, 0x00, 0x00, 0x00  # +0x1050
    .byte 0xff, 0xd0, 0xb8, 0x01, 0x00, 0x00, 0x00, 0xf0, 0x41, 0x0f, 0xc1, 0x45, 0x60, 0x85, 0xc0, 0x75  # +0x1060
    .byte 0x30, 0x48, 0x8b, 0x8e, 0x08, 0x20, 0x11, 0x00, 0x48, 0x8b, 0x86, 0x10, 0x20, 0x11, 0x00, 0x48  # +0x1070
    .byte 0x85, 0xc9, 0x0f, 0x95, 0xc2, 0x48, 0x85, 0xc0, 0x41, 0x0f, 0x95, 0xc0, 0x41, 0x20, 0xd0, 0x41  # +0x1080
    .byte 0x80, 0xf8, 0x01, 0x75, 0x0c, 0x4c, 0x8d, 0x05, 0x50, 0x63, 0x00, 0x00, 0xe9, 0xda, 0xf8, 0xff  # +0x1090
    .byte 0xff, 0x48, 0x83, 0xc4, 0x48, 0x5b, 0x5d, 0x5f, 0x5e, 0x41, 0x5c, 0x41, 0x5d, 0x41, 0x5e, 0x41  # +0x10a0
    .byte 0x5f, 0xc3, 0xff, 0xc9, 0x83, 0xe1, 0x1f, 0xc1, 0xe1, 0x05, 0x49, 0x8d, 0x14, 0x0c, 0x49, 0x8b  # +0x10b0
    .byte 0x0c, 0x0c, 0x45, 0x31, 0xe4, 0x48, 0x39, 0xc1, 0x4c, 0x0f, 0x44, 0xe2, 0xe9, 0x26, 0xf6, 0xff  # +0x10c0
    .byte 0xff, 0xcc, 0xcc, 0xcc, 0xcc, 0xcc, 0xcc, 0xcc, 0xcc, 0xcc, 0xcc, 0xcc, 0xcc, 0xcc, 0xcc, 0xcc  # +0x10d0

# RVA 0x1b80e0: Restore saved stock t12/t14, release COM refs, clear transaction
.globl envcube_restore_transaction
envcube_restore_transaction:
    .byte 0x56, 0x57, 0x53, 0x48, 0x83, 0xec, 0x30, 0x48, 0x89, 0xd7, 0x48, 0x89, 0xce, 0x48, 0x8b, 0x89  # +0x10e0
    .byte 0x88, 0x22, 0x11, 0x00, 0x45, 0x31, 0xc0, 0xe8, 0x94, 0x09, 0x00, 0x00, 0x48, 0x85, 0xc0, 0x0f  # +0x10f0
    .byte 0x84, 0x38, 0x01, 0x00, 0x00, 0x8b, 0x48, 0x18, 0x85, 0xc9, 0x0f, 0x84, 0x2d, 0x01, 0x00, 0x00  # +0x1100
    .byte 0x48, 0x8b, 0x48, 0x08, 0x48, 0x89, 0x4c, 0x24, 0x28, 0x48, 0x85, 0xff, 0x74, 0x4d, 0x48, 0x8b  # +0x1110
    .byte 0x0f, 0x48, 0x85, 0xc9, 0x74, 0x45, 0x4c, 0x8b, 0x51, 0x40, 0x4d, 0x85, 0xd2, 0x74, 0x45, 0x4c  # +0x1120
    .byte 0x8d, 0x4c, 0x24, 0x28, 0x48, 0x89, 0xf9, 0xba, 0x0c, 0x00, 0x00, 0x00, 0x41, 0xb8, 0x01, 0x00  # +0x1130
    .byte 0x00, 0x00, 0x48, 0x89, 0xc3, 0x41, 0xff, 0xd2, 0x48, 0x89, 0xd8, 0x48, 0x8b, 0x0f, 0x48, 0x83  # +0x1140
    .byte 0xc3, 0x10, 0x48, 0x8b, 0x50, 0x10, 0x48, 0x89, 0x54, 0x24, 0x28, 0x48, 0x85, 0xc9, 0x74, 0x49  # +0x1150
    .byte 0x4c, 0x8b, 0x51, 0x40, 0x4d, 0x85, 0xd2, 0x75, 0x24, 0xeb, 0x3e, 0x48, 0x89, 0xc3, 0x48, 0x83  # +0x1160
    .byte 0xc3, 0x10, 0xeb, 0x35, 0x48, 0x89, 0xc3, 0x48, 0x83, 0xc3, 0x10, 0x48, 0x8b, 0x50, 0x10, 0x48  # +0x1170
    .byte 0x89, 0x54, 0x24, 0x28, 0x4c, 0x8b, 0x51, 0x40, 0x4d, 0x85, 0xd2, 0x74, 0x1c, 0x4c, 0x8d, 0x4c  # +0x1180
    .byte 0x24, 0x28, 0x48, 0x89, 0xf9, 0xba, 0x0e, 0x00, 0x00, 0x00, 0x41, 0xb8, 0x01, 0x00, 0x00, 0x00  # +0x1190
    .byte 0x48, 0x89, 0xc7, 0x41, 0xff, 0xd2, 0x48, 0x89, 0xf8, 0x48, 0x8b, 0x48, 0x08, 0x48, 0x85, 0xc9  # +0x11a0
    .byte 0x74, 0x19, 0x48, 0x8b, 0x11, 0x48, 0x85, 0xd2, 0x74, 0x11, 0x48, 0x8b, 0x52, 0x10, 0x48, 0x85  # +0x11b0
    .byte 0xd2, 0x74, 0x08, 0x48, 0x89, 0xc7, 0xff, 0xd2, 0x48, 0x89, 0xf8, 0x48, 0x8b, 0x0b, 0x48, 0x85  # +0x11c0
    .byte 0xc9, 0x74, 0x19, 0x48, 0x8b, 0x11, 0x48, 0x85, 0xd2, 0x74, 0x11, 0x48, 0x8b, 0x52, 0x10, 0x48  # +0x11d0
    .byte 0x85, 0xd2, 0x74, 0x08, 0x48, 0x89, 0xc7, 0xff, 0xd2, 0x48, 0x89, 0xf8, 0x0f, 0x57, 0xc0, 0x0f  # +0x11e0
    .byte 0x11, 0x40, 0x08, 0xc7, 0x40, 0x18, 0x00, 0x00, 0x00, 0x00, 0xb8, 0x01, 0x00, 0x00, 0x00, 0xf0  # +0x11f0
    .byte 0x0f, 0xc1, 0x86, 0xe4, 0x22, 0x11, 0x00, 0x85, 0xc0, 0x75, 0x32, 0x48, 0x8b, 0x8e, 0x08, 0x20  # +0x1200
    .byte 0x11, 0x00, 0x48, 0x8b, 0x86, 0x10, 0x20, 0x11, 0x00, 0x48, 0x85, 0xc9, 0x0f, 0x95, 0xc2, 0x48  # +0x1210
    .byte 0x85, 0xc0, 0x41, 0x0f, 0x95, 0xc0, 0x41, 0x20, 0xd0, 0x41, 0x80, 0xf8, 0x01, 0x75, 0x0e, 0x4c  # +0x1220
    .byte 0x8d, 0x05, 0x93, 0x62, 0x00, 0x00, 0xba, 0x03, 0x00, 0x00, 0x00, 0xff, 0xd0, 0x90, 0x48, 0x83  # +0x1230
    .byte 0xc4, 0x30, 0x5b, 0x5f, 0x5e, 0xc3, 0xcc, 0xcc, 0xcc, 0xcc, 0xcc, 0xcc, 0xcc, 0xcc, 0xcc, 0xcc  # +0x1240

# RVA 0x1b8250: Realize/cache 342x4 PTDE TextureCube SRVs from embedded pack
.globl envcube_ensure_cache
envcube_ensure_cache:
    .byte 0x41, 0x57, 0x41, 0x56, 0x41, 0x55, 0x41, 0x54, 0x56, 0x57, 0x55, 0x53, 0x48, 0x81, 0xec, 0x28  # +0x1250
    .byte 0x01, 0x00, 0x00, 0x44, 0x0f, 0x29, 0x84, 0x24, 0x10, 0x01, 0x00, 0x00, 0x0f, 0x29, 0xbc, 0x24  # +0x1260
    .byte 0x00, 0x01, 0x00, 0x00, 0x0f, 0x29, 0xb4, 0x24, 0xf0, 0x00, 0x00, 0x00, 0x48, 0x89, 0xce, 0x4c  # +0x1270
    .byte 0x8b, 0xa9, 0x88, 0x22, 0x11, 0x00, 0x4d, 0x85, 0xed, 0x0f, 0x94, 0xc0, 0x48, 0x85, 0xd2, 0x0f  # +0x1280
    .byte 0x94, 0xc1, 0x08, 0xc1, 0x0f, 0x85, 0x97, 0x05, 0x00, 0x00, 0x41, 0x8b, 0x85, 0x90, 0x75, 0x00  # +0x1290
    .byte 0x00, 0x85, 0xc0, 0x0f, 0x84, 0x88, 0x05, 0x00, 0x00, 0x48, 0x8b, 0x02, 0x48, 0x85, 0xc0, 0x0f  # +0x12a0
    .byte 0x84, 0xc5, 0x04, 0x00, 0x00, 0x4c, 0x8b, 0x40, 0x18, 0x4d, 0x85, 0xc0, 0x0f, 0x84, 0xb8, 0x04  # +0x12b0
    .byte 0x00, 0x00, 0x48, 0xc7, 0x44, 0x24, 0x28, 0x00, 0x00, 0x00, 0x00, 0x48, 0x8d, 0x44, 0x24, 0x28  # +0x12c0
    .byte 0x48, 0x89, 0xd1, 0x48, 0x89, 0xc2, 0x41, 0xff, 0xd0, 0x48, 0x83, 0x7c, 0x24, 0x28, 0x00, 0x0f  # +0x12d0
    .byte 0x84, 0x09, 0x05, 0x00, 0x00, 0x45, 0x8b, 0x8d, 0x94, 0x75, 0x00, 0x00, 0x48, 0xbb, 0x00, 0xf0  # +0x12e0
    .byte 0x1b, 0x00, 0x00, 0x00, 0x00, 0x00, 0x48, 0x01, 0xf3, 0x45, 0x31, 0xd2, 0x41, 0xbb, 0x04, 0x00  # +0x12f0
    .byte 0x00, 0x00, 0x0f, 0x28, 0x35, 0x77, 0x5e, 0x00, 0x00, 0x0f, 0x28, 0x3d, 0x80, 0x5e, 0x00, 0x00  # +0x1300
    .byte 0x44, 0x0f, 0x28, 0x05, 0x88, 0x5e, 0x00, 0x00, 0x45, 0x31, 0xf6, 0x45, 0x31, 0xff, 0x4c, 0x89  # +0x1310
    .byte 0x4c, 0x24, 0x20, 0x66, 0x66, 0x66, 0x66, 0x2e, 0x0f, 0x1f, 0x84, 0x00, 0x00, 0x00, 0x00, 0x00  # +0x1320
    .byte 0x43, 0x8d, 0x3c, 0x39, 0x89, 0xf8, 0xc1, 0xe8, 0x03, 0x48, 0x69, 0xc0, 0xfb, 0x0b, 0xe8, 0x2f  # +0x1330
    .byte 0x48, 0xc1, 0xe8, 0x25, 0x69, 0xc0, 0x58, 0x05, 0x00, 0x00, 0x29, 0xc7, 0xb8, 0x01, 0x00, 0x00  # +0x1340
    .byte 0x00, 0xf0, 0x45, 0x0f, 0xb1, 0x5c, 0xbd, 0x00, 0x0f, 0x85, 0xd8, 0x03, 0x00, 0x00, 0x4c, 0x8b  # +0x1350
    .byte 0x64, 0x24, 0x28, 0x4d, 0x85, 0xe4, 0x0f, 0x84, 0x44, 0x03, 0x00, 0x00, 0x48, 0x8d, 0x04, 0x7f  # +0x1360
    .byte 0x48, 0xc1, 0xe0, 0x0d, 0x48, 0x8d, 0x0c, 0x03, 0x0f, 0x29, 0xb4, 0x24, 0xc0, 0x00, 0x00, 0x00  # +0x1370
    .byte 0x0f, 0x29, 0xbc, 0x24, 0xd0, 0x00, 0x00, 0x00, 0x48, 0xc7, 0x84, 0x24, 0xe0, 0x00, 0x00, 0x00  # +0x1380
    .byte 0x08, 0x00, 0x00, 0x00, 0xc7, 0x84, 0x24, 0xe8, 0x00, 0x00, 0x00, 0x04, 0x00, 0x00, 0x00, 0x48  # +0x1390
    .byte 0x89, 0x4c, 0x24, 0x40, 0x48, 0xba, 0x80, 0x00, 0x00, 0x00, 0x00, 0x10, 0x00, 0x00, 0x48, 0x89  # +0x13a0
    .byte 0x54, 0x24, 0x48, 0x48, 0x8d, 0x8c, 0x03, 0x00, 0x10, 0x00, 0x00, 0x48, 0x89, 0x4c, 0x24, 0x50  # +0x13b0
    .byte 0x48, 0x89, 0x54, 0x24, 0x58, 0x48, 0x8d, 0x8c, 0x03, 0x00, 0x20, 0x00, 0x00, 0x48, 0x89, 0x4c  # +0x13c0
    .byte 0x24, 0x60, 0x48, 0x89, 0x54, 0x24, 0x68, 0x48, 0x8d, 0x8c, 0x03, 0x00, 0x30, 0x00, 0x00, 0x48  # +0x13d0
    .byte 0x89, 0x4c, 0x24, 0x70, 0x48, 0x89, 0x54, 0x24, 0x78, 0x48, 0x8d, 0x8c, 0x03, 0x00, 0x40, 0x00  # +0x13e0
    .byte 0x00, 0x48, 0x89, 0x8c, 0x24, 0x80, 0x00, 0x00, 0x00, 0x48, 0x89, 0x94, 0x24, 0x88, 0x00, 0x00  # +0x13f0
    .byte 0x00, 0x48, 0x8d, 0x84, 0x03, 0x00, 0x50, 0x00, 0x00, 0x48, 0x89, 0x84, 0x24, 0x90, 0x00, 0x00  # +0x1400
    .byte 0x00, 0x48, 0x89, 0x94, 0x24, 0x98, 0x00, 0x00, 0x00, 0x49, 0x8b, 0x2c, 0x24, 0x48, 0x85, 0xed  # +0x1410
    .byte 0x0f, 0x84, 0x8a, 0x02, 0x00, 0x00, 0x48, 0x8b, 0x45, 0x28, 0x48, 0x85, 0xc0, 0x0f, 0x84, 0x7d  # +0x1420
    .byte 0x02, 0x00, 0x00, 0x48, 0x83, 0x7d, 0x38, 0x00, 0x0f, 0x84, 0x72, 0x02, 0x00, 0x00, 0x48, 0xc7  # +0x1430
    .byte 0x44, 0x24, 0x30, 0x00, 0x00, 0x00, 0x00, 0x4c, 0x89, 0xe1, 0x48, 0x8d, 0x94, 0x24, 0xc0, 0x00  # +0x1440
    .byte 0x00, 0x00, 0x4c, 0x8d, 0x44, 0x24, 0x40, 0x4c, 0x8d, 0x4c, 0x24, 0x30, 0xff, 0xd0, 0x85, 0xc0  # +0x1450
    .byte 0x0f, 0x88, 0x8f, 0x01, 0x00, 0x00, 0x48, 0x83, 0x7c, 0x24, 0x30, 0x00, 0x0f, 0x84, 0x83, 0x01  # +0x1460
    .byte 0x00, 0x00, 0xb8, 0x01, 0x00, 0x00, 0x00, 0xf0, 0x0f, 0xc1, 0x86, 0xc0, 0x22, 0x11, 0x00, 0x85  # +0x1470
    .byte 0xc0, 0x75, 0x32, 0x48, 0x8b, 0x8e, 0x08, 0x20, 0x11, 0x00, 0x48, 0x8b, 0x86, 0x10, 0x20, 0x11  # +0x1480
    .byte 0x00, 0x48, 0x85, 0xc9, 0x0f, 0x95, 0xc2, 0x48, 0x85, 0xc0, 0x41, 0x0f, 0x95, 0xc0, 0x41, 0x20  # +0x1490
    .byte 0xd0, 0x41, 0x80, 0xf8, 0x01, 0x75, 0x0e, 0xba, 0x03, 0x00, 0x00, 0x00, 0x4c, 0x8d, 0x05, 0xd3  # +0x14a0
    .byte 0x60, 0x00, 0x00, 0xff, 0xd0, 0x44, 0x0f, 0x29, 0x84, 0x24, 0xa0, 0x00, 0x00, 0x00, 0x48, 0xc7  # +0x14b0
    .byte 0x84, 0x24, 0xb0, 0x00, 0x00, 0x00, 0x00, 0x00, 0x00, 0x00, 0x48, 0xc7, 0x44, 0x24, 0x38, 0x00  # +0x14c0
    .byte 0x00, 0x00, 0x00, 0x48, 0x8b, 0x54, 0x24, 0x30, 0x4c, 0x89, 0xe1, 0x4c, 0x8d, 0x84, 0x24, 0xa0  # +0x14d0
    .byte 0x00, 0x00, 0x00, 0x4c, 0x8d, 0x4c, 0x24, 0x38, 0xff, 0x55, 0x38, 0x48, 0x8b, 0x4c, 0x24, 0x30  # +0x14e0
    .byte 0x48, 0x85, 0xc9, 0x74, 0x17, 0x48, 0x8b, 0x11, 0x48, 0x85, 0xd2, 0x74, 0x0f, 0x48, 0x8b, 0x52  # +0x14f0
    .byte 0x10, 0x48, 0x85, 0xd2, 0x74, 0x06, 0x89, 0xc5, 0xff, 0xd2, 0x89, 0xe8, 0x85, 0xc0, 0x0f, 0x88  # +0x1500
    .byte 0x39, 0x01, 0x00, 0x00, 0x48, 0x83, 0x7c, 0x24, 0x38, 0x00, 0x0f, 0x84, 0x2d, 0x01, 0x00, 0x00  # +0x1510
    .byte 0xb8, 0x01, 0x00, 0x00, 0x00, 0xf0, 0x0f, 0xc1, 0x86, 0xc8, 0x22, 0x11, 0x00, 0x85, 0xc0, 0x4c  # +0x1520
    .byte 0x8b, 0x4c, 0x24, 0x20, 0x41, 0xba, 0x00, 0x00, 0x00, 0x00, 0x41, 0xbb, 0x04, 0x00, 0x00, 0x00  # +0x1530
    .byte 0x75, 0x40, 0x48, 0x8b, 0x8e, 0x08, 0x20, 0x11, 0x00, 0x48, 0x8b, 0x86, 0x10, 0x20, 0x11, 0x00  # +0x1540
    .byte 0x48, 0x85, 0xc9, 0x0f, 0x95, 0xc2, 0x48, 0x85, 0xc0, 0x41, 0x0f, 0x95, 0xc0, 0x41, 0x20, 0xd0  # +0x1550
    .byte 0x41, 0x80, 0xf8, 0x01, 0x75, 0x1c, 0xba, 0x03, 0x00, 0x00, 0x00, 0x4c, 0x8d, 0x05, 0x60, 0x60  # +0x1560
    .byte 0x00, 0x00, 0xff, 0xd0, 0x41, 0xbb, 0x04, 0x00, 0x00, 0x00, 0x45, 0x31, 0xd2, 0x4c, 0x8b, 0x4c  # +0x1570
    .byte 0x24, 0x20, 0x48, 0x8b, 0x86, 0x88, 0x22, 0x11, 0x00, 0x48, 0x8b, 0x4c, 0x24, 0x38, 0x48, 0x89  # +0x1580
    .byte 0x8c, 0xf8, 0x60, 0x15, 0x00, 0x00, 0x41, 0xc7, 0x44, 0xbd, 0x00, 0x02, 0x00, 0x00, 0x00, 0xf0  # +0x1590
    .byte 0x41, 0xff, 0x8d, 0x90, 0x75, 0x00, 0x00, 0xb8, 0x01, 0x00, 0x00, 0x00, 0xf0, 0x0f, 0xc1, 0x86  # +0x15a0
    .byte 0xb0, 0x22, 0x11, 0x00, 0x85, 0xc0, 0x0f, 0x85, 0x64, 0x01, 0x00, 0x00, 0x48, 0x8b, 0x8e, 0x08  # +0x15b0
    .byte 0x20, 0x11, 0x00, 0x48, 0x8b, 0x86, 0x10, 0x20, 0x11, 0x00, 0x48, 0x85, 0xc9, 0x0f, 0x95, 0xc2  # +0x15c0
    .byte 0x48, 0x85, 0xc0, 0x41, 0x0f, 0x95, 0xc0, 0x41, 0x20, 0xd0, 0x41, 0x80, 0xf8, 0x01, 0x0f, 0x85  # +0x15d0
    .byte 0x3c, 0x01, 0x00, 0x00, 0xba, 0x03, 0x00, 0x00, 0x00, 0x4c, 0x8d, 0x05, 0x21, 0x5f, 0x00, 0x00  # +0x15e0
    .byte 0xe9, 0x0d, 0x01, 0x00, 0x00, 0xb8, 0x01, 0x00, 0x00, 0x00, 0xf0, 0x0f, 0xc1, 0x86, 0xc4, 0x22  # +0x15f0
    .byte 0x11, 0x00, 0x85, 0xc0, 0x4c, 0x8b, 0x4c, 0x24, 0x20, 0x41, 0xba, 0x00, 0x00, 0x00, 0x00, 0x41  # +0x1600
    .byte 0xbb, 0x04, 0x00, 0x00, 0x00, 0x0f, 0x85, 0x95, 0x00, 0x00, 0x00, 0x48, 0x8b, 0x8e, 0x08, 0x20  # +0x1610
    .byte 0x11, 0x00, 0x48, 0x8b, 0x86, 0x10, 0x20, 0x11, 0x00, 0x48, 0x85, 0xc9, 0x0f, 0x95, 0xc2, 0x48  # +0x1620
    .byte 0x85, 0xc0, 0x41, 0x0f, 0x95, 0xc0, 0x41, 0x20, 0xd0, 0x41, 0x80, 0xf8, 0x01, 0x75, 0x71, 0xba  # +0x1630
    .byte 0x03, 0x00, 0x00, 0x00, 0x4c, 0x8d, 0x05, 0x15, 0x5f, 0x00, 0x00, 0xeb, 0x52, 0xb8, 0x01, 0x00  # +0x1640
    .byte 0x00, 0x00, 0xf0, 0x0f, 0xc1, 0x86, 0xcc, 0x22, 0x11, 0x00, 0x85, 0xc0, 0x4c, 0x8b, 0x4c, 0x24  # +0x1650
    .byte 0x20, 0x41, 0xba, 0x00, 0x00, 0x00, 0x00, 0x41, 0xbb, 0x04, 0x00, 0x00, 0x00, 0x75, 0x41, 0x48  # +0x1660
    .byte 0x8b, 0x8e, 0x08, 0x20, 0x11, 0x00, 0x48, 0x8b, 0x86, 0x10, 0x20, 0x11, 0x00, 0x48, 0x85, 0xc9  # +0x1670
    .byte 0x0f, 0x95, 0xc2, 0x48, 0x85, 0xc0, 0x41, 0x0f, 0x95, 0xc0, 0x41, 0x20, 0xd0, 0x41, 0x80, 0xf8  # +0x1680
    .byte 0x01, 0x75, 0x1d, 0xba, 0x03, 0x00, 0x00, 0x00, 0x4c, 0x8d, 0x05, 0x0d, 0x5f, 0x00, 0x00, 0xff  # +0x1690
    .byte 0xd0, 0x41, 0xbb, 0x04, 0x00, 0x00, 0x00, 0x45, 0x31, 0xd2, 0x4c, 0x8b, 0x4c, 0x24, 0x20, 0x90  # +0x16a0
    .byte 0x41, 0xc7, 0x44, 0xbd, 0x00, 0x03, 0x00, 0x00, 0x00, 0xf0, 0x41, 0xff, 0x8d, 0x90, 0x75, 0x00  # +0x16b0
    .byte 0x00, 0xb8, 0x01, 0x00, 0x00, 0x00, 0xf0, 0x0f, 0xc1, 0x86, 0xb4, 0x22, 0x11, 0x00, 0x85, 0xc0  # +0x16c0
    .byte 0x75, 0x4e, 0x48, 0x8b, 0x8e, 0x08, 0x20, 0x11, 0x00, 0x48, 0x8b, 0x86, 0x10, 0x20, 0x11, 0x00  # +0x16d0
    .byte 0x48, 0x85, 0xc9, 0x0f, 0x95, 0xc2, 0x48, 0x85, 0xc0, 0x41, 0x0f, 0x95, 0xc0, 0x41, 0x20, 0xd0  # +0x16e0
    .byte 0x41, 0x80, 0xf8, 0x01, 0x75, 0x2a, 0xba, 0x03, 0x00, 0x00, 0x00, 0x4c, 0x8d, 0x05, 0x36, 0x5e  # +0x16f0
    .byte 0x00, 0x00, 0xff, 0xd0, 0x41, 0xbb, 0x04, 0x00, 0x00, 0x00, 0x45, 0x31, 0xd2, 0x4c, 0x8b, 0x4c  # +0x1700
    .byte 0x24, 0x20, 0x66, 0x66, 0x66, 0x66, 0x66, 0x2e, 0x0f, 0x1f, 0x84, 0x00, 0x00, 0x00, 0x00, 0x00  # +0x1710
    .byte 0xff, 0xc7, 0x81, 0xff, 0x58, 0x05, 0x00, 0x00, 0x41, 0x0f, 0x44, 0xfa, 0x41, 0x89, 0xbd, 0x94  # +0x1720
    .byte 0x75, 0x00, 0x00, 0x41, 0xff, 0xc6, 0x41, 0x81, 0xff, 0x56, 0x05, 0x00, 0x00, 0x77, 0x0d, 0x41  # +0x1730
    .byte 0xff, 0xc7, 0x41, 0x83, 0xfe, 0x04, 0x0f, 0x82, 0xe4, 0xfb, 0xff, 0xff, 0x48, 0x8b, 0x4c, 0x24  # +0x1740
    .byte 0x28, 0x48, 0x85, 0xc9, 0x0f, 0x84, 0xd7, 0x00, 0x00, 0x00, 0x48, 0x8b, 0x01, 0x48, 0x85, 0xc0  # +0x1750
    .byte 0x0f, 0x84, 0xcb, 0x00, 0x00, 0x00, 0x48, 0x8b, 0x40, 0x10, 0x48, 0x85, 0xc0, 0x0f, 0x84, 0xbe  # +0x1760
    .byte 0x00, 0x00, 0x00, 0xff, 0xd0, 0xe9, 0xb7, 0x00, 0x00, 0x00, 0xb8, 0x01, 0x00, 0x00, 0x00, 0xf0  # +0x1770
    .byte 0x0f, 0xc1, 0x86, 0xb8, 0x22, 0x11, 0x00, 0x85, 0xc0, 0x0f, 0x85, 0xa2, 0x00, 0x00, 0x00, 0x48  # +0x1780
    .byte 0x8b, 0x8e, 0x08, 0x20, 0x11, 0x00, 0x48, 0x8b, 0x86, 0x10, 0x20, 0x11, 0x00, 0x48, 0x85, 0xc9  # +0x1790
    .byte 0x0f, 0x95, 0xc2, 0x48, 0x85, 0xc0, 0x41, 0x0f, 0x95, 0xc0, 0x41, 0x20, 0xd0, 0x41, 0x80, 0xf8  # +0x17a0
    .byte 0x01, 0x75, 0x7e, 0x4c, 0x8d, 0x05, 0x32, 0x5d, 0x00, 0x00, 0xba, 0x03, 0x00, 0x00, 0x00, 0x0f  # +0x17b0
    .byte 0x28, 0xb4, 0x24, 0xf0, 0x00, 0x00, 0x00, 0x0f, 0x28, 0xbc, 0x24, 0x00, 0x01, 0x00, 0x00, 0x44  # +0x17c0
    .byte 0x0f, 0x28, 0x84, 0x24, 0x10, 0x01, 0x00, 0x00, 0x48, 0x81, 0xc4, 0x28, 0x01, 0x00, 0x00, 0x5b  # +0x17d0
    .byte 0x5d, 0x5f, 0x5e, 0x41, 0x5c, 0x41, 0x5d, 0x41, 0x5e, 0x41, 0x5f, 0x48, 0xff, 0xe0, 0xb8, 0x01  # +0x17e0
    .byte 0x00, 0x00, 0x00, 0xf0, 0x0f, 0xc1, 0x86, 0xb8, 0x22, 0x11, 0x00, 0x85, 0xc0, 0x75, 0x32, 0x48  # +0x17f0
    .byte 0x8b, 0x8e, 0x08, 0x20, 0x11, 0x00, 0x48, 0x8b, 0x86, 0x10, 0x20, 0x11, 0x00, 0x48, 0x85, 0xc9  # +0x1800
    .byte 0x0f, 0x95, 0xc2, 0x48, 0x85, 0xc0, 0x41, 0x0f, 0x95, 0xc0, 0x41, 0x20, 0xd0, 0x41, 0x80, 0xf8  # +0x1810
    .byte 0x01, 0x75, 0x0e, 0x4c, 0x8d, 0x05, 0xc2, 0x5c, 0x00, 0x00, 0xba, 0x03, 0x00, 0x00, 0x00, 0xff  # +0x1820
    .byte 0xd0, 0x0f, 0x28, 0xb4, 0x24, 0xf0, 0x00, 0x00, 0x00, 0x0f, 0x28, 0xbc, 0x24, 0x00, 0x01, 0x00  # +0x1830
    .byte 0x00, 0x44, 0x0f, 0x28, 0x84, 0x24, 0x10, 0x01, 0x00, 0x00, 0x48, 0x81, 0xc4, 0x28, 0x01, 0x00  # +0x1840
    .byte 0x00, 0x5b, 0x5d, 0x5f, 0x5e, 0x41, 0x5c, 0x41, 0x5d, 0x41, 0x5e, 0x41, 0x5f, 0xc3, 0xcc, 0xcc  # +0x1850

# RVA 0x1b8860: Two-observation stock-SRV identity learn/confirm/refresh/conflict logic
.globl envcube_gpu_identity_observe
envcube_gpu_identity_observe:
    .byte 0x56, 0x57, 0x53, 0x48, 0x83, 0xec, 0x20, 0x44, 0x8b, 0x54, 0x24, 0x60, 0x4c, 0x8b, 0x5c, 0x24  # +0x1860
    .byte 0x68, 0x4a, 0x8b, 0x34, 0xd2, 0x4c, 0x39, 0xde, 0x0f, 0x94, 0xc3, 0x48, 0x85, 0xf6, 0x40, 0x0f  # +0x1870
    .byte 0x95, 0xc7, 0xb8, 0x01, 0x00, 0x00, 0x00, 0x40, 0x84, 0xfb, 0x0f, 0x85, 0xea, 0x01, 0x00, 0x00  # +0x1880
    .byte 0xb3, 0x01, 0x31, 0xc0, 0xeb, 0x26, 0x66, 0x2e, 0x0f, 0x1f, 0x84, 0x00, 0x00, 0x00, 0x00, 0x00  # +0x1890
    .byte 0x48, 0x8d, 0x47, 0xfe, 0x48, 0x3d, 0x53, 0x01, 0x00, 0x00, 0x0f, 0x92, 0xc3, 0x48, 0xff, 0xc7  # +0x18a0
    .byte 0x48, 0x89, 0xf8, 0x48, 0x81, 0xff, 0x56, 0x01, 0x00, 0x00, 0x74, 0x2c, 0x49, 0x39, 0xc2, 0x74  # +0x18b0
    .byte 0x06, 0x4c, 0x39, 0x1c, 0xc2, 0x74, 0x21, 0x48, 0x8d, 0x78, 0x01, 0x4c, 0x39, 0xd7, 0x74, 0x07  # +0x18c0
    .byte 0x4c, 0x39, 0x5c, 0xc2, 0x08, 0x74, 0x16, 0x48, 0xff, 0xc7, 0x4c, 0x39, 0xd7, 0x74, 0xc1, 0x4c  # +0x18d0
    .byte 0x39, 0x5c, 0xc2, 0x10, 0x75, 0xba, 0xeb, 0x05, 0xf6, 0xc3, 0x01, 0x74, 0x58, 0xba, 0x01, 0x00  # +0x18e0
    .byte 0x00, 0x00, 0xf0, 0x0f, 0xc1, 0x91, 0x00, 0x23, 0x11, 0x00, 0x31, 0xc0, 0x85, 0xd2, 0x0f, 0x85  # +0x18f0
    .byte 0x76, 0x01, 0x00, 0x00, 0x48, 0x8b, 0x91, 0x08, 0x20, 0x11, 0x00, 0x4c, 0x8b, 0x89, 0x10, 0x20  # +0x1900
    .byte 0x11, 0x00, 0x48, 0x85, 0xd2, 0x0f, 0x95, 0xc1, 0x4d, 0x85, 0xc9, 0x41, 0x0f, 0x95, 0xc0, 0x41  # +0x1910
    .byte 0x20, 0xc8, 0x41, 0x80, 0xf8, 0x01, 0x0f, 0x85, 0x4e, 0x01, 0x00, 0x00, 0x4c, 0x8d, 0x05, 0xc5  # +0x1920
    .byte 0x5c, 0x00, 0x00, 0x48, 0x89, 0xd1, 0xba, 0x03, 0x00, 0x00, 0x00, 0x41, 0xff, 0xd1, 0x31, 0xc0  # +0x1930
    .byte 0xe9, 0x35, 0x01, 0x00, 0x00, 0x4f, 0x39, 0x1c, 0xd0, 0x0f, 0x85, 0x9b, 0x00, 0x00, 0x00, 0x43  # +0x1940
    .byte 0x8b, 0x3c, 0x91, 0xff, 0xc7, 0x43, 0x89, 0x3c, 0x91, 0x31, 0xc0, 0x83, 0xff, 0x02, 0x0f, 0x82  # +0x1950
    .byte 0x16, 0x01, 0x00, 0x00, 0x48, 0x85, 0xf6, 0x0f, 0x94, 0xc3, 0x4c, 0x39, 0xde, 0x40, 0x0f, 0x94  # +0x1960
    .byte 0xc6, 0x4e, 0x89, 0x1c, 0xd2, 0x4b, 0xc7, 0x04, 0xd0, 0x00, 0x00, 0x00, 0x00, 0x43, 0xc7, 0x04  # +0x1970
    .byte 0x91, 0x00, 0x00, 0x00, 0x00, 0x40, 0x08, 0xde, 0x0f, 0x84, 0xab, 0x00, 0x00, 0x00, 0x8b, 0x81  # +0x1980
    .byte 0x04, 0x23, 0x11, 0x00, 0x66, 0x66, 0x66, 0x2e, 0x0f, 0x1f, 0x84, 0x00, 0x00, 0x00, 0x00, 0x00  # +0x1990
    .byte 0x89, 0xc2, 0x81, 0xca, 0x00, 0x00, 0x00, 0x80, 0xf0, 0x0f, 0xb1, 0x91, 0x04, 0x23, 0x11, 0x00  # +0x19a0
    .byte 0x75, 0xee, 0x85, 0xc0, 0x78, 0x88, 0x48, 0x8b, 0x81, 0x08, 0x20, 0x11, 0x00, 0x4c, 0x8b, 0x89  # +0x19b0
    .byte 0x10, 0x20, 0x11, 0x00, 0x48, 0x85, 0xc0, 0x0f, 0x95, 0xc1, 0x4d, 0x85, 0xc9, 0x0f, 0x95, 0xc2  # +0x19c0
    .byte 0x20, 0xca, 0x80, 0xfa, 0x01, 0x0f, 0x85, 0x63, 0xff, 0xff, 0xff, 0x4c, 0x8d, 0x05, 0xb6, 0x5c  # +0x19d0
    .byte 0x00, 0x00, 0x48, 0x89, 0xc1, 0xe9, 0x4c, 0xff, 0xff, 0xff, 0x4f, 0x89, 0x1c, 0xd0, 0x43, 0xc7  # +0x19e0
    .byte 0x04, 0x91, 0x01, 0x00, 0x00, 0x00, 0xba, 0x01, 0x00, 0x00, 0x00, 0xf0, 0x0f, 0xc1, 0x91, 0xfc  # +0x19f0
    .byte 0x22, 0x11, 0x00, 0x31, 0xc0, 0x85, 0xd2, 0x75, 0x71, 0x48, 0x8b, 0x91, 0x08, 0x20, 0x11, 0x00  # +0x1a00
    .byte 0x4c, 0x8b, 0x89, 0x10, 0x20, 0x11, 0x00, 0x48, 0x85, 0xd2, 0x0f, 0x95, 0xc1, 0x4d, 0x85, 0xc9  # +0x1a10
    .byte 0x41, 0x0f, 0x95, 0xc0, 0x41, 0x20, 0xc8, 0x41, 0x80, 0xf8, 0x01, 0x75, 0x4d, 0x4c, 0x8d, 0x05  # +0x1a20
    .byte 0xfa, 0x5b, 0x00, 0x00, 0xe9, 0xfa, 0xfe, 0xff, 0xff, 0xba, 0x01, 0x00, 0x00, 0x00, 0xf0, 0x0f  # +0x1a30
    .byte 0xc1, 0x91, 0x00, 0x23, 0x11, 0x00, 0x85, 0xd2, 0x75, 0x30, 0x48, 0x8b, 0x91, 0x08, 0x20, 0x11  # +0x1a40
    .byte 0x00, 0x4c, 0x8b, 0x89, 0x10, 0x20, 0x11, 0x00, 0x48, 0x85, 0xd2, 0x0f, 0x95, 0xc1, 0x4d, 0x85  # +0x1a50
    .byte 0xc9, 0x41, 0x0f, 0x95, 0xc0, 0x41, 0x20, 0xc8, 0x41, 0x80, 0xf8, 0x01, 0x75, 0x0c, 0x4c, 0x8d  # +0x1a60
    .byte 0x05, 0xed, 0x5b, 0x00, 0x00, 0xe9, 0xb9, 0xfe, 0xff, 0xff, 0x48, 0x83, 0xc4, 0x20, 0x5b, 0x5f  # +0x1a70
    .byte 0x5e, 0xc3, 0xcc, 0xcc, 0xcc, 0xcc, 0xcc, 0xcc, 0xcc, 0xcc, 0xcc, 0xcc, 0xcc, 0xcc, 0xcc, 0xcc  # +0x1a80

# RVA 0x1b8a90: 32-slot native-context transaction lookup/allocation helper
.globl envcube_txn_find_or_alloc
envcube_txn_find_or_alloc:
    .byte 0x48, 0x85, 0xc9, 0x0f, 0x94, 0xc0, 0x48, 0x85, 0xd2, 0x41, 0x0f, 0x94, 0xc1, 0x41, 0x08, 0xc1  # +0x1a90
    .byte 0x0f, 0x85, 0x81, 0x00, 0x00, 0x00, 0x48, 0x89, 0xd0, 0x48, 0xc1, 0xe8, 0x04, 0x49, 0x89, 0xd1  # +0x1aa0
    .byte 0x49, 0xc1, 0xe9, 0x13, 0x49, 0x31, 0xc1, 0x48, 0x81, 0xc1, 0x98, 0x79, 0x00, 0x00, 0x45, 0x85  # +0x1ab0
    .byte 0xc0, 0x74, 0x6b, 0x41, 0xba, 0x20, 0x00, 0x00, 0x00, 0xeb, 0x0f, 0x0f, 0x1f, 0x44, 0x00, 0x00  # +0x1ac0
    .byte 0x41, 0x83, 0xc1, 0x02, 0x41, 0x83, 0xc2, 0xfe, 0x74, 0x4d, 0x44, 0x89, 0xc8, 0x83, 0xe0, 0x1f  # +0x1ad0
    .byte 0xc1, 0xe0, 0x05, 0x4c, 0x8d, 0x04, 0x01, 0x48, 0x8b, 0x04, 0x01, 0x48, 0x39, 0xd0, 0x74, 0x33  # +0x1ae0
    .byte 0x48, 0x85, 0xc0, 0x75, 0x09, 0x31, 0xc0, 0xf0, 0x49, 0x0f, 0xb1, 0x10, 0x74, 0x25, 0x41, 0x8d  # +0x1af0
    .byte 0x41, 0x01, 0x83, 0xe0, 0x1f, 0xc1, 0xe0, 0x05, 0x4c, 0x8d, 0x04, 0x01, 0x48, 0x8b, 0x04, 0x01  # +0x1b00
    .byte 0x48, 0x39, 0xd0, 0x74, 0x0e, 0x48, 0x85, 0xc0, 0x75, 0xb6, 0x31, 0xc0, 0xf0, 0x49, 0x0f, 0xb1  # +0x1b10
    .byte 0x10, 0x75, 0xad, 0x4c, 0x89, 0xc0, 0xc3, 0x45, 0x31, 0xc0, 0x4c, 0x89, 0xc0, 0xc3, 0x44, 0x89  # +0x1b20
    .byte 0xc8, 0x83, 0xe0, 0x1f, 0xc1, 0xe0, 0x05, 0x4c, 0x8b, 0x04, 0x01, 0x49, 0x39, 0xd0, 0x0f, 0x84  # +0x1b30
    .byte 0x98, 0x02, 0x00, 0x00, 0x41, 0x8d, 0x41, 0x01, 0x83, 0xe0, 0x1f, 0xc1, 0xe0, 0x05, 0x4c, 0x8b  # +0x1b40
    .byte 0x04, 0x01, 0x49, 0x39, 0xd0, 0x0f, 0x84, 0x81, 0x02, 0x00, 0x00, 0x41, 0x8d, 0x41, 0x02, 0x83  # +0x1b50
    .byte 0xe0, 0x1f, 0xc1, 0xe0, 0x05, 0x4c, 0x8b, 0x04, 0x01, 0x49, 0x39, 0xd0, 0x0f, 0x84, 0x6a, 0x02  # +0x1b60
    .byte 0x00, 0x00, 0x41, 0x8d, 0x41, 0x03, 0x83, 0xe0, 0x1f, 0xc1, 0xe0, 0x05, 0x4c, 0x8b, 0x04, 0x01  # +0x1b70
    .byte 0x49, 0x39, 0xd0, 0x0f, 0x84, 0x53, 0x02, 0x00, 0x00, 0x41, 0x8d, 0x41, 0x04, 0x83, 0xe0, 0x1f  # +0x1b80
    .byte 0xc1, 0xe0, 0x05, 0x4c, 0x8b, 0x04, 0x01, 0x49, 0x39, 0xd0, 0x0f, 0x84, 0x3c, 0x02, 0x00, 0x00  # +0x1b90
    .byte 0x41, 0x8d, 0x41, 0x05, 0x83, 0xe0, 0x1f, 0xc1, 0xe0, 0x05, 0x4c, 0x8b, 0x04, 0x01, 0x49, 0x39  # +0x1ba0
    .byte 0xd0, 0x0f, 0x84, 0x25, 0x02, 0x00, 0x00, 0x41, 0x8d, 0x41, 0x06, 0x83, 0xe0, 0x1f, 0xc1, 0xe0  # +0x1bb0
    .byte 0x05, 0x4c, 0x8b, 0x04, 0x01, 0x49, 0x39, 0xd0, 0x0f, 0x84, 0x0e, 0x02, 0x00, 0x00, 0x41, 0x8d  # +0x1bc0
    .byte 0x41, 0x07, 0x83, 0xe0, 0x1f, 0xc1, 0xe0, 0x05, 0x4c, 0x8b, 0x04, 0x01, 0x49, 0x39, 0xd0, 0x0f  # +0x1bd0
    .byte 0x84, 0xf7, 0x01, 0x00, 0x00, 0x41, 0x8d, 0x41, 0x08, 0x83, 0xe0, 0x1f, 0xc1, 0xe0, 0x05, 0x4c  # +0x1be0
    .byte 0x8b, 0x04, 0x01, 0x49, 0x39, 0xd0, 0x0f, 0x84, 0xe0, 0x01, 0x00, 0x00, 0x41, 0x8d, 0x41, 0x09  # +0x1bf0
    .byte 0x83, 0xe0, 0x1f, 0xc1, 0xe0, 0x05, 0x4c, 0x8b, 0x04, 0x01, 0x49, 0x39, 0xd0, 0x0f, 0x84, 0xc9  # +0x1c00
    .byte 0x01, 0x00, 0x00, 0x41, 0x8d, 0x41, 0x0a, 0x83, 0xe0, 0x1f, 0xc1, 0xe0, 0x05, 0x4c, 0x8b, 0x04  # +0x1c10
    .byte 0x01, 0x49, 0x39, 0xd0, 0x0f, 0x84, 0xb2, 0x01, 0x00, 0x00, 0x41, 0x8d, 0x41, 0x0b, 0x83, 0xe0  # +0x1c20
    .byte 0x1f, 0xc1, 0xe0, 0x05, 0x4c, 0x8b, 0x04, 0x01, 0x49, 0x39, 0xd0, 0x0f, 0x84, 0x9b, 0x01, 0x00  # +0x1c30
    .byte 0x00, 0x41, 0x8d, 0x41, 0x0c, 0x83, 0xe0, 0x1f, 0xc1, 0xe0, 0x05, 0x4c, 0x8b, 0x04, 0x01, 0x49  # +0x1c40
    .byte 0x39, 0xd0, 0x0f, 0x84, 0x84, 0x01, 0x00, 0x00, 0x41, 0x8d, 0x41, 0x0d, 0x83, 0xe0, 0x1f, 0xc1  # +0x1c50
    .byte 0xe0, 0x05, 0x4c, 0x8b, 0x04, 0x01, 0x49, 0x39, 0xd0, 0x0f, 0x84, 0x6d, 0x01, 0x00, 0x00, 0x41  # +0x1c60
    .byte 0x8d, 0x41, 0x0e, 0x83, 0xe0, 0x1f, 0xc1, 0xe0, 0x05, 0x4c, 0x8b, 0x04, 0x01, 0x49, 0x39, 0xd0  # +0x1c70
    .byte 0x0f, 0x84, 0x56, 0x01, 0x00, 0x00, 0x41, 0x8d, 0x41, 0x0f, 0x83, 0xe0, 0x1f, 0xc1, 0xe0, 0x05  # +0x1c80
    .byte 0x4c, 0x8b, 0x04, 0x01, 0x49, 0x39, 0xd0, 0x0f, 0x84, 0x3f, 0x01, 0x00, 0x00, 0x44, 0x89, 0xc8  # +0x1c90
    .byte 0x83, 0xe0, 0x1f, 0x83, 0xf0, 0x10, 0xc1, 0xe0, 0x05, 0x4c, 0x8b, 0x04, 0x01, 0x49, 0x39, 0xd0  # +0x1ca0
    .byte 0x0f, 0x84, 0x26, 0x01, 0x00, 0x00, 0x41, 0x8d, 0x41, 0x11, 0x83, 0xe0, 0x1f, 0xc1, 0xe0, 0x05  # +0x1cb0
    .byte 0x4c, 0x8b, 0x04, 0x01, 0x49, 0x39, 0xd0, 0x0f, 0x84, 0x0f, 0x01, 0x00, 0x00, 0x41, 0x8d, 0x41  # +0x1cc0
    .byte 0x12, 0x83, 0xe0, 0x1f, 0xc1, 0xe0, 0x05, 0x4c, 0x8b, 0x04, 0x01, 0x49, 0x39, 0xd0, 0x0f, 0x84  # +0x1cd0
    .byte 0xf8, 0x00, 0x00, 0x00, 0x41, 0x8d, 0x41, 0x13, 0x83, 0xe0, 0x1f, 0xc1, 0xe0, 0x05, 0x4c, 0x8b  # +0x1ce0
    .byte 0x04, 0x01, 0x49, 0x39, 0xd0, 0x0f, 0x84, 0xe1, 0x00, 0x00, 0x00, 0x41, 0x8d, 0x41, 0x14, 0x83  # +0x1cf0
    .byte 0xe0, 0x1f, 0xc1, 0xe0, 0x05, 0x4c, 0x8b, 0x04, 0x01, 0x49, 0x39, 0xd0, 0x0f, 0x84, 0xca, 0x00  # +0x1d00
    .byte 0x00, 0x00, 0x41, 0x8d, 0x41, 0x15, 0x83, 0xe0, 0x1f, 0xc1, 0xe0, 0x05, 0x4c, 0x8b, 0x04, 0x01  # +0x1d10
    .byte 0x49, 0x39, 0xd0, 0x0f, 0x84, 0xb3, 0x00, 0x00, 0x00, 0x41, 0x8d, 0x41, 0x16, 0x83, 0xe0, 0x1f  # +0x1d20
    .byte 0xc1, 0xe0, 0x05, 0x4c, 0x8b, 0x04, 0x01, 0x49, 0x39, 0xd0, 0x0f, 0x84, 0x9c, 0x00, 0x00, 0x00  # +0x1d30
    .byte 0x41, 0x8d, 0x41, 0x17, 0x83, 0xe0, 0x1f, 0xc1, 0xe0, 0x05, 0x4c, 0x8b, 0x04, 0x01, 0x49, 0x39  # +0x1d40
    .byte 0xd0, 0x0f, 0x84, 0x85, 0x00, 0x00, 0x00, 0x41, 0x8d, 0x41, 0x18, 0x83, 0xe0, 0x1f, 0xc1, 0xe0  # +0x1d50
    .byte 0x05, 0x4c, 0x8b, 0x04, 0x01, 0x49, 0x39, 0xd0, 0x74, 0x72, 0x41, 0x8d, 0x41, 0x19, 0x83, 0xe0  # +0x1d60
    .byte 0x1f, 0xc1, 0xe0, 0x05, 0x4c, 0x8b, 0x04, 0x01, 0x49, 0x39, 0xd0, 0x74, 0x5f, 0x41, 0x8d, 0x41  # +0x1d70
    .byte 0x1a, 0x83, 0xe0, 0x1f, 0xc1, 0xe0, 0x05, 0x4c, 0x8b, 0x04, 0x01, 0x49, 0x39, 0xd0, 0x74, 0x4c  # +0x1d80
    .byte 0x41, 0x8d, 0x41, 0x1b, 0x83, 0xe0, 0x1f, 0xc1, 0xe0, 0x05, 0x4c, 0x8b, 0x04, 0x01, 0x49, 0x39  # +0x1d90
    .byte 0xd0, 0x74, 0x39, 0x41, 0x8d, 0x41, 0x1c, 0x83, 0xe0, 0x1f, 0xc1, 0xe0, 0x05, 0x4c, 0x8b, 0x04  # +0x1da0
    .byte 0x01, 0x49, 0x39, 0xd0, 0x74, 0x26, 0x41, 0x8d, 0x41, 0x1d, 0x83, 0xe0, 0x1f, 0xc1, 0xe0, 0x05  # +0x1db0
    .byte 0x4c, 0x8b, 0x04, 0x01, 0x49, 0x39, 0xd0, 0x74, 0x13, 0x41, 0x8d, 0x41, 0x1e, 0x83, 0xe0, 0x1f  # +0x1dc0
    .byte 0xc1, 0xe0, 0x05, 0x4c, 0x8b, 0x04, 0x01, 0x49, 0x39, 0xd0, 0x75, 0x07, 0x48, 0x01, 0xc1, 0x48  # +0x1dd0
    .byte 0x89, 0xc8, 0xc3, 0x41, 0xff, 0xc9, 0x41, 0x83, 0xe1, 0x1f, 0x41, 0xc1, 0xe1, 0x05, 0x4a, 0x8d  # +0x1de0
    .byte 0x04, 0x09, 0x4a, 0x8b, 0x0c, 0x09, 0x45, 0x31, 0xc0, 0x48, 0x39, 0xd1, 0x4c, 0x0f, 0x44, 0xc0  # +0x1df0
    .byte 0x4c, 0x89, 0xc0, 0xc3, 0xcc, 0xcc, 0xcc, 0xcc, 0xcc, 0xcc, 0xcc, 0xcc, 0xcc, 0xcc, 0xcc, 0xcc  # +0x1e00

# RVA 0x1b8e10: Restore EnvSpec transaction then invoke inherited V12 asset_post
.globl envcube_post_wrapper
envcube_post_wrapper:
    .byte 0x56, 0x57, 0x48, 0x83, 0xec, 0x28, 0x48, 0x89, 0xce, 0xe8, 0xb2, 0xe5, 0xff, 0xff, 0x48, 0x89  # +0x1e10
    .byte 0xc7, 0x48, 0x89, 0xc1, 0x48, 0x89, 0xf2, 0xe8, 0xb4, 0xf2, 0xff, 0xff, 0x48, 0x89, 0xf8, 0x48  # +0x1e20
    .byte 0x05, 0x90, 0xbf, 0x19, 0x00, 0x48, 0x89, 0xf1, 0x48, 0x83, 0xc4, 0x28, 0x5f, 0x5e, 0x48, 0xff  # +0x1e30
    .byte 0xe0, 0xcc, 0xcc, 0xcc, 0xcc, 0xcc, 0xcc, 0xcc, 0xcc, 0xcc, 0xcc, 0xcc, 0xcc, 0xcc, 0xcc, 0xcc  # +0x1e40

# RVA 0x1b8e50: Addon init, host signature verification, formatter hook and cache setup
.globl envcube_init_wrapper
envcube_init_wrapper:
    .byte 0x41, 0x57, 0x41, 0x56, 0x41, 0x54, 0x56, 0x57, 0x55, 0x53, 0x48, 0x83, 0xec, 0x30, 0x48, 0x89  # +0x1e50
    .byte 0xd7, 0x48, 0x89, 0xcb, 0xe8, 0x67, 0xe5, 0xff, 0xff, 0x48, 0x89, 0xc6, 0x48, 0x05, 0x00, 0xb0  # +0x1e60
    .byte 0x10, 0x00, 0x48, 0x89, 0xd9, 0x48, 0x89, 0xfa, 0xff, 0xd0, 0x85, 0xc0, 0x0f, 0x84, 0x59, 0x03  # +0x1e70
    .byte 0x00, 0x00, 0x48, 0x8b, 0x86, 0xf0, 0xe0, 0x00, 0x00, 0x48, 0x8d, 0x3d, 0xc6, 0x55, 0x00, 0x00  # +0x1e80
    .byte 0x48, 0x85, 0xc0, 0x0f, 0x84, 0x0a, 0x03, 0x00, 0x00, 0x31, 0xc9, 0xff, 0xd0, 0x48, 0x85, 0xc0  # +0x1e90
    .byte 0x0f, 0x84, 0xfd, 0x02, 0x00, 0x00, 0x48, 0x89, 0x86, 0x80, 0x22, 0x11, 0x00, 0x48, 0x8d, 0x98  # +0x1ea0
    .byte 0x00, 0x40, 0x56, 0x00, 0x48, 0x89, 0x9e, 0x98, 0x22, 0x11, 0x00, 0x80, 0xb8, 0x00, 0x40, 0x56  # +0x1eb0
    .byte 0x00, 0x48, 0x0f, 0x85, 0xdb, 0x02, 0x00, 0x00, 0x80, 0x7b, 0x01, 0x83, 0x0f, 0x85, 0xd1, 0x02  # +0x1ec0
    .byte 0x00, 0x00, 0x80, 0x7b, 0x02, 0xec, 0x0f, 0x85, 0xc7, 0x02, 0x00, 0x00, 0x80, 0x7b, 0x03, 0x38  # +0x1ed0
    .byte 0x0f, 0x85, 0xbd, 0x02, 0x00, 0x00, 0x80, 0x7b, 0x04, 0x44, 0x0f, 0x85, 0xb3, 0x02, 0x00, 0x00  # +0x1ee0
    .byte 0x80, 0x7b, 0x05, 0x8b, 0x0f, 0x85, 0xa9, 0x02, 0x00, 0x00, 0x80, 0x7b, 0x06, 0xd2, 0x0f, 0x85  # +0x1ef0
    .byte 0x9f, 0x02, 0x00, 0x00, 0x80, 0x7b, 0x07, 0x44, 0x0f, 0x85, 0x95, 0x02, 0x00, 0x00, 0x80, 0x7b  # +0x1f00
    .byte 0x08, 0x89, 0x0f, 0x85, 0x8b, 0x02, 0x00, 0x00, 0x80, 0x7b, 0x09, 0x4c, 0x0f, 0x85, 0x81, 0x02  # +0x1f10
    .byte 0x00, 0x00, 0x80, 0x7b, 0x0a, 0x24, 0x0f, 0x85, 0x77, 0x02, 0x00, 0x00, 0x80, 0x7b, 0x0b, 0x28  # +0x1f20
    .byte 0x0f, 0x85, 0x6d, 0x02, 0x00, 0x00, 0x80, 0x7b, 0x0c, 0x4d, 0x0f, 0x85, 0x63, 0x02, 0x00, 0x00  # +0x1f30
    .byte 0x80, 0x7b, 0x0d, 0x8b, 0x0f, 0x85, 0x59, 0x02, 0x00, 0x00, 0x80, 0x7b, 0x0e, 0xd8, 0x0f, 0x85  # +0x1f40
    .byte 0x4f, 0x02, 0x00, 0x00, 0x4c, 0x8b, 0xb6, 0x18, 0xe1, 0x00, 0x00, 0x4d, 0x85, 0xf6, 0x0f, 0x84  # +0x1f50
    .byte 0x3f, 0x02, 0x00, 0x00, 0x49, 0x89, 0xc7, 0xba, 0x98, 0x7d, 0x00, 0x00, 0x31, 0xc9, 0x41, 0xb8  # +0x1f60
    .byte 0x00, 0x30, 0x00, 0x00, 0x41, 0xb9, 0x04, 0x00, 0x00, 0x00, 0x41, 0xff, 0xd6, 0x48, 0x85, 0xc0  # +0x1f70
    .byte 0x0f, 0x84, 0x1d, 0x02, 0x00, 0x00, 0x48, 0x89, 0x86, 0x88, 0x22, 0x11, 0x00, 0xba, 0x40, 0x00  # +0x1f80
    .byte 0x00, 0x00, 0x31, 0xc9, 0x41, 0xb8, 0x00, 0x30, 0x00, 0x00, 0x41, 0xb9, 0x40, 0x00, 0x00, 0x00  # +0x1f90
    .byte 0x41, 0xff, 0xd6, 0x48, 0x85, 0xc0, 0x0f, 0x84, 0xf7, 0x01, 0x00, 0x00, 0x49, 0x89, 0xc6, 0x48  # +0x1fa0
    .byte 0x89, 0x86, 0x90, 0x22, 0x11, 0x00, 0x4c, 0x89, 0xf8, 0x41, 0x0f, 0xb6, 0x8f, 0x00, 0x40, 0x56  # +0x1fb0
    .byte 0x00, 0x88, 0x8e, 0x08, 0x23, 0x11, 0x00, 0x41, 0x88, 0x0e, 0x41, 0x0f, 0xb6, 0x8f, 0x01, 0x40  # +0x1fc0
    .byte 0x56, 0x00, 0x88, 0x8e, 0x09, 0x23, 0x11, 0x00, 0x41, 0x88, 0x4e, 0x01, 0x41, 0x0f, 0xb6, 0x8f  # +0x1fd0
    .byte 0x02, 0x40, 0x56, 0x00, 0x88, 0x8e, 0x0a, 0x23, 0x11, 0x00, 0x41, 0x88, 0x4e, 0x02, 0x41, 0x0f  # +0x1fe0
    .byte 0xb6, 0x8f, 0x03, 0x40, 0x56, 0x00, 0x88, 0x8e, 0x0b, 0x23, 0x11, 0x00, 0x41, 0x88, 0x4e, 0x03  # +0x1ff0
    .byte 0x41, 0x0f, 0xb6, 0x8f, 0x04, 0x40, 0x56, 0x00, 0x88, 0x8e, 0x0c, 0x23, 0x11, 0x00, 0x41, 0x88  # +0x2000
    .byte 0x4e, 0x04, 0x41, 0x0f, 0xb6, 0x8f, 0x05, 0x40, 0x56, 0x00, 0x88, 0x8e, 0x0d, 0x23, 0x11, 0x00  # +0x2010
    .byte 0x41, 0x88, 0x4e, 0x05, 0x41, 0x0f, 0xb6, 0x8f, 0x06, 0x40, 0x56, 0x00, 0x88, 0x8e, 0x0e, 0x23  # +0x2020
    .byte 0x11, 0x00, 0x41, 0x88, 0x4e, 0x06, 0x41, 0x0f, 0xb6, 0x8f, 0x07, 0x40, 0x56, 0x00, 0x88, 0x8e  # +0x2030
    .byte 0x0f, 0x23, 0x11, 0x00, 0x41, 0x88, 0x4e, 0x07, 0x41, 0x0f, 0xb6, 0x8f, 0x08, 0x40, 0x56, 0x00  # +0x2040
    .byte 0x88, 0x8e, 0x10, 0x23, 0x11, 0x00, 0x41, 0x88, 0x4e, 0x08, 0x41, 0x0f, 0xb6, 0x8f, 0x09, 0x40  # +0x2050
    .byte 0x56, 0x00, 0x88, 0x8e, 0x11, 0x23, 0x11, 0x00, 0x41, 0x88, 0x4e, 0x09, 0x41, 0x0f, 0xb6, 0x8f  # +0x2060
    .byte 0x0a, 0x40, 0x56, 0x00, 0x88, 0x8e, 0x12, 0x23, 0x11, 0x00, 0x41, 0x88, 0x4e, 0x0a, 0x41, 0x0f  # +0x2070
    .byte 0xb6, 0x8f, 0x0b, 0x40, 0x56, 0x00, 0x88, 0x8e, 0x13, 0x23, 0x11, 0x00, 0x41, 0x88, 0x4e, 0x0b  # +0x2080
    .byte 0x41, 0x0f, 0xb6, 0x8f, 0x0c, 0x40, 0x56, 0x00, 0x88, 0x8e, 0x14, 0x23, 0x11, 0x00, 0x41, 0x88  # +0x2090
    .byte 0x4e, 0x0c, 0x41, 0x0f, 0xb6, 0x8f, 0x0d, 0x40, 0x56, 0x00, 0x88, 0x8e, 0x15, 0x23, 0x11, 0x00  # +0x20a0
    .byte 0x41, 0x88, 0x4e, 0x0d, 0x41, 0x0f, 0xb6, 0x8f, 0x0e, 0x40, 0x56, 0x00, 0x88, 0x8e, 0x16, 0x23  # +0x20b0
    .byte 0x11, 0x00, 0x41, 0x88, 0x4e, 0x0e, 0x48, 0x05, 0x0f, 0x40, 0x56, 0x00, 0x66, 0x41, 0xc7, 0x46  # +0x20c0
    .byte 0x0f, 0xff, 0x25, 0x41, 0xc7, 0x46, 0x11, 0x00, 0x00, 0x00, 0x00, 0x49, 0x89, 0x46, 0x15, 0x4c  # +0x20d0
    .byte 0x8b, 0xbe, 0x20, 0xe1, 0x00, 0x00, 0x4c, 0x8b, 0xa6, 0x28, 0xe1, 0x00, 0x00, 0x4d, 0x85, 0xe4  # +0x20e0
    .byte 0x0f, 0x95, 0xc0, 0x4d, 0x85, 0xff, 0x40, 0x0f, 0x95, 0xc5, 0x40, 0x20, 0xc5, 0x40, 0x80, 0xfd  # +0x20f0
    .byte 0x01, 0x75, 0x12, 0x41, 0xff, 0xd4, 0x41, 0xb8, 0x40, 0x00, 0x00, 0x00, 0x48, 0x89, 0xc1, 0x4c  # +0x2100
    .byte 0x89, 0xf2, 0x41, 0xff, 0xd7, 0x4c, 0x8b, 0xb6, 0x10, 0xe1, 0x00, 0x00, 0xc7, 0x44, 0x24, 0x28  # +0x2110
    .byte 0x00, 0x00, 0x00, 0x00, 0x4d, 0x85, 0xf6, 0x74, 0x7a, 0x4c, 0x8d, 0x4c, 0x24, 0x28, 0xba, 0x0f  # +0x2120
    .byte 0x00, 0x00, 0x00, 0x48, 0x89, 0xd9, 0x41, 0xb8, 0x40, 0x00, 0x00, 0x00, 0x41, 0xff, 0xd6, 0x85  # +0x2130
    .byte 0xc0, 0x74, 0x60, 0x66, 0xc7, 0x03, 0xff, 0x25, 0xc7, 0x43, 0x02, 0x00, 0x00, 0x00, 0x00, 0x48  # +0x2140
    .byte 0x8d, 0x05, 0xaa, 0xde, 0xff, 0xff, 0x48, 0x89, 0x43, 0x06, 0xc6, 0x43, 0x0e, 0x90, 0x40, 0x84  # +0x2150
    .byte 0xed, 0x74, 0x12, 0x41, 0xff, 0xd4, 0x41, 0xb8, 0x0f, 0x00, 0x00, 0x00, 0x48, 0x89, 0xc1, 0x48  # +0x2160
    .byte 0x89, 0xda, 0x41, 0xff, 0xd7, 0xc7, 0x44, 0x24, 0x2c, 0x00, 0x00, 0x00, 0x00, 0x44, 0x8b, 0x44  # +0x2170
    .byte 0x24, 0x28, 0x4c, 0x8d, 0x4c, 0x24, 0x2c, 0xba, 0x0f, 0x00, 0x00, 0x00, 0x48, 0x89, 0xd9, 0x41  # +0x2180
    .byte 0xff, 0xd6, 0xc7, 0x86, 0xa0, 0x22, 0x11, 0x00, 0x01, 0x00, 0x00, 0x00, 0x48, 0x8d, 0x3d, 0x71  # +0x2190
    .byte 0x52, 0x00, 0x00, 0x48, 0x8b, 0x8e, 0x08, 0x20, 0x11, 0x00, 0x4c, 0x8b, 0x8e, 0x10, 0x20, 0x11  # +0x21a0
    .byte 0x00, 0x48, 0x85, 0xc9, 0x0f, 0x95, 0xc0, 0x4d, 0x85, 0xc9, 0x0f, 0x95, 0xc2, 0x20, 0xc2, 0xb8  # +0x21b0
    .byte 0x01, 0x00, 0x00, 0x00, 0x80, 0xfa, 0x01, 0x75, 0x14, 0xba, 0x03, 0x00, 0x00, 0x00, 0x49, 0x89  # +0x21c0
    .byte 0xf8, 0x41, 0xff, 0xd1, 0xb8, 0x01, 0x00, 0x00, 0x00, 0xeb, 0x02, 0x31, 0xc0, 0x48, 0x83, 0xc4  # +0x21d0
    .byte 0x30, 0x5b, 0x5d, 0x5f, 0x5e, 0x41, 0x5c, 0x41, 0x5e, 0x41, 0x5f, 0xc3, 0xcc, 0xcc, 0xcc, 0xcc  # +0x21e0

# RVA 0x1b91f0: Full teardown: restore hooks/transactions, release SRVs/textures and state
.globl envcube_uninit_wrapper
envcube_uninit_wrapper:
    .byte 0x41, 0x57, 0x41, 0x56, 0x41, 0x55, 0x41, 0x54, 0x56, 0x57, 0x55, 0x53, 0x48, 0x81, 0xec, 0x58  # +0x21f0
    .byte 0x01, 0x00, 0x00, 0x48, 0x89, 0x54, 0x24, 0x48, 0x48, 0x89, 0x4c, 0x24, 0x40, 0xe8, 0xbe, 0xe1  # +0x2200
    .byte 0xff, 0xff, 0x48, 0x8d, 0x88, 0x80, 0x22, 0x11, 0x00, 0x48, 0x89, 0x4c, 0x24, 0x30, 0x48, 0x89  # +0x2210
    .byte 0x44, 0x24, 0x38, 0x4c, 0x8b, 0x88, 0x88, 0x22, 0x11, 0x00, 0x4d, 0x85, 0xc9, 0x0f, 0x84, 0x54  # +0x2220
    .byte 0x01, 0x00, 0x00, 0x31, 0xd2, 0x41, 0xba, 0x0c, 0x00, 0x00, 0x00, 0x4c, 0x8d, 0x1d, 0xbe, 0x54  # +0x2230
    .byte 0x00, 0x00, 0x4c, 0x8d, 0x35, 0xa7, 0x54, 0x00, 0x00, 0x4c, 0x8d, 0x25, 0x90, 0x54, 0x00, 0x00  # +0x2240
    .byte 0x4c, 0x8d, 0x2d, 0x79, 0x54, 0x00, 0x00, 0x31, 0xc9, 0x45, 0x31, 0xc0, 0x31, 0xc0, 0xeb, 0x20  # +0x2250
    .byte 0xff, 0xc2, 0x09, 0xee, 0x09, 0xfe, 0x09, 0xde, 0x83, 0xfe, 0x01, 0x41, 0x83, 0xd8, 0xff, 0x49  # +0x2260
    .byte 0x83, 0xc2, 0x10, 0x49, 0x81, 0xfa, 0x6c, 0x15, 0x00, 0x00, 0x0f, 0x84, 0x10, 0x01, 0x00, 0x00  # +0x2270
    .byte 0x43, 0x8b, 0x6c, 0x11, 0xf4, 0x8d, 0x75, 0xff, 0x83, 0xfe, 0x03, 0x77, 0x25, 0x49, 0x63, 0x74  # +0x2280
    .byte 0xb5, 0x00, 0x4c, 0x01, 0xee, 0xff, 0xe6, 0xff, 0xc0, 0x43, 0x8b, 0x74, 0x11, 0xf8, 0x8d, 0x7e  # +0x2290
    .byte 0xff, 0x83, 0xff, 0x03, 0x76, 0x19, 0xeb, 0x5a, 0x0f, 0x1f, 0x84, 0x00, 0x00, 0x00, 0x00, 0x00  # +0x22a0
    .byte 0xff, 0xc2, 0x43, 0x8b, 0x74, 0x11, 0xf8, 0x8d, 0x7e, 0xff, 0x83, 0xff, 0x03, 0x77, 0x43, 0x49  # +0x22b0
    .byte 0x63, 0x3c, 0xbc, 0x4c, 0x01, 0xe7, 0xff, 0xe7, 0xff, 0xc0, 0xeb, 0x36, 0x0f, 0x1f, 0x40, 0x00  # +0x22c0
    .byte 0xff, 0xc2, 0xeb, 0x2e, 0x66, 0x66, 0x66, 0x2e, 0x0f, 0x1f, 0x84, 0x00, 0x00, 0x00, 0x00, 0x00  # +0x22d0
    .byte 0xff, 0xc1, 0x43, 0x8b, 0x74, 0x11, 0xf8, 0x8d, 0x7e, 0xff, 0x83, 0xff, 0x03, 0x76, 0xd0, 0xeb  # +0x22e0
    .byte 0x11, 0x66, 0x66, 0x66, 0x66, 0x66, 0x66, 0x2e, 0x0f, 0x1f, 0x84, 0x00, 0x00, 0x00, 0x00, 0x00  # +0x22f0
    .byte 0xff, 0xc1, 0x43, 0x8b, 0x7c, 0x11, 0xfc, 0x8d, 0x5f, 0xff, 0x83, 0xfb, 0x03, 0x77, 0x23, 0x49  # +0x2300
    .byte 0x63, 0x1c, 0x9e, 0x4c, 0x01, 0xf3, 0xff, 0xe3, 0xff, 0xc0, 0x43, 0x8b, 0x1c, 0x11, 0x44, 0x8d  # +0x2310
    .byte 0x7b, 0xff, 0x41, 0x83, 0xff, 0x03, 0x76, 0x1c, 0xe9, 0x35, 0xff, 0xff, 0xff, 0x0f, 0x1f, 0x00  # +0x2320
    .byte 0xff, 0xc2, 0x43, 0x8b, 0x1c, 0x11, 0x44, 0x8d, 0x7b, 0xff, 0x41, 0x83, 0xff, 0x03, 0x0f, 0x87  # +0x2330
    .byte 0x1e, 0xff, 0xff, 0xff, 0x4f, 0x63, 0x3c, 0xbb, 0x4d, 0x01, 0xdf, 0x41, 0xff, 0xe7, 0xff, 0xc0  # +0x2340
    .byte 0xe9, 0x0d, 0xff, 0xff, 0xff, 0x66, 0x66, 0x2e, 0x0f, 0x1f, 0x84, 0x00, 0x00, 0x00, 0x00, 0x00  # +0x2350
    .byte 0xff, 0xc1, 0x43, 0x8b, 0x1c, 0x11, 0x44, 0x8d, 0x7b, 0xff, 0x41, 0x83, 0xff, 0x03, 0x76, 0xd4  # +0x2360
    .byte 0xe9, 0xed, 0xfe, 0xff, 0xff, 0x66, 0x66, 0x2e, 0x0f, 0x1f, 0x84, 0x00, 0x00, 0x00, 0x00, 0x00  # +0x2370
    .byte 0xff, 0xc1, 0xe9, 0xdb, 0xfe, 0xff, 0xff, 0x31, 0xc0, 0x45, 0x31, 0xc0, 0x31, 0xc9, 0x31, 0xd2  # +0x2380
    .byte 0x0f, 0x28, 0x05, 0x19, 0x4e, 0x00, 0x00, 0x0f, 0x29, 0x44, 0x24, 0x50, 0x66, 0x0f, 0x6f, 0x05  # +0x2390
    .byte 0x1c, 0x4e, 0x00, 0x00, 0x66, 0x0f, 0x7f, 0x44, 0x24, 0x60, 0x4c, 0x8b, 0x64, 0x24, 0x30, 0x45  # +0x23a0
    .byte 0x8b, 0x5c, 0x24, 0x24, 0x45, 0x85, 0xdb, 0x74, 0x64, 0x4c, 0x8d, 0x4c, 0x24, 0x70, 0x45, 0x31  # +0x23b0
    .byte 0xd2, 0xbe, 0xcd, 0xcc, 0xcc, 0xcc, 0x66, 0x2e, 0x0f, 0x1f, 0x84, 0x00, 0x00, 0x00, 0x00, 0x00  # +0x23c0
    .byte 0x44, 0x89, 0xdf, 0x48, 0x0f, 0xaf, 0xfe, 0x48, 0xc1, 0xef, 0x23, 0x8d, 0x1c, 0x3f, 0x8d, 0x1c  # +0x23d0
    .byte 0x9b, 0x44, 0x89, 0xdd, 0x29, 0xdd, 0x40, 0x80, 0xcd, 0x30, 0x44, 0x89, 0xd3, 0x41, 0xff, 0xc2  # +0x23e0
    .byte 0x40, 0x88, 0x6c, 0x1c, 0x20, 0x41, 0x83, 0xfb, 0x0a, 0x41, 0x89, 0xfb, 0x73, 0xd2, 0x45, 0x85  # +0x23f0
    .byte 0xd2, 0x4c, 0x8b, 0x6c, 0x24, 0x38, 0x0f, 0x84, 0xf9, 0x00, 0x00, 0x00, 0x45, 0x89, 0xd3, 0x41  # +0x2400
    .byte 0x83, 0xfa, 0x1f, 0x77, 0x1c, 0x4d, 0x89, 0xda, 0xe9, 0xcd, 0x00, 0x00, 0x00, 0x4c, 0x8d, 0x4c  # +0x2410
    .byte 0x24, 0x71, 0xc6, 0x44, 0x24, 0x70, 0x30, 0x4c, 0x8b, 0x6c, 0x24, 0x38, 0xe9, 0xd4, 0x00, 0x00  # +0x2420
    .byte 0x00, 0x44, 0x89, 0xde, 0x83, 0xe6, 0xe0, 0x45, 0x89, 0xda, 0x41, 0x83, 0xe2, 0x1f, 0x49, 0x01  # +0x2430
    .byte 0xf1, 0x4a, 0x8d, 0x3c, 0x1c, 0x48, 0x83, 0xc7, 0x10, 0x45, 0x89, 0xde, 0x41, 0x83, 0xe6, 0xe0  # +0x2440
    .byte 0x31, 0xdb, 0x66, 0x0f, 0xef, 0xc0, 0x66, 0x2e, 0x0f, 0x1f, 0x84, 0x00, 0x00, 0x00, 0x00, 0x00  # +0x2450
    .byte 0xf3, 0x0f, 0x6f, 0x4f, 0xf0, 0xf3, 0x0f, 0x6f, 0x17, 0x66, 0x0f, 0x6f, 0xda, 0x66, 0x0f, 0x60  # +0x2460
    .byte 0xd8, 0x66, 0x0f, 0x70, 0xdb, 0x4e, 0xf2, 0x0f, 0x70, 0xdb, 0x1b, 0xf3, 0x0f, 0x70, 0xdb, 0x1b  # +0x2470
    .byte 0x66, 0x0f, 0x68, 0xd0, 0x66, 0x0f, 0x70, 0xd2, 0x4e, 0xf2, 0x0f, 0x70, 0xd2, 0x1b, 0xf3, 0x0f  # +0x2480
    .byte 0x70, 0xd2, 0x1b, 0x66, 0x0f, 0x67, 0xd3, 0x66, 0x0f, 0x6f, 0xd9, 0x66, 0x0f, 0x60, 0xd8, 0x66  # +0x2490
    .byte 0x0f, 0x70, 0xdb, 0x4e, 0xf2, 0x0f, 0x70, 0xdb, 0x1b, 0xf3, 0x0f, 0x70, 0xdb, 0x1b, 0x66, 0x0f  # +0x24a0
    .byte 0x68, 0xc8, 0x66, 0x0f, 0x70, 0xc9, 0x4e, 0xf2, 0x0f, 0x70, 0xc9, 0x1b, 0xf3, 0x0f, 0x70, 0xc9  # +0x24b0
    .byte 0x1b, 0x66, 0x0f, 0x67, 0xcb, 0x66, 0x0f, 0x7f, 0x54, 0x1c, 0x70, 0x66, 0x0f, 0x7f, 0x8c, 0x1c  # +0x24c0
    .byte 0x80, 0x00, 0x00, 0x00, 0x48, 0x83, 0xc3, 0x20, 0x48, 0x83, 0xc7, 0xe0, 0x49, 0x39, 0xde, 0x0f  # +0x24d0
    .byte 0x85, 0x7b, 0xff, 0xff, 0xff, 0x44, 0x39, 0xde, 0x74, 0x1b, 0x4d, 0x89, 0xcb, 0x0f, 0x1f, 0x00  # +0x24e0
    .byte 0x4d, 0x8d, 0x4b, 0x01, 0x42, 0x0f, 0xb6, 0x5c, 0x14, 0x1f, 0x41, 0x88, 0x1b, 0x4d, 0x89, 0xcb  # +0x24f0
    .byte 0x49, 0xff, 0xca, 0x75, 0xeb, 0x66, 0x41, 0xc7, 0x01, 0x20, 0x42, 0x41, 0xc6, 0x41, 0x02, 0x3d  # +0x2500
    .byte 0x41, 0x8b, 0x74, 0x24, 0x28, 0x85, 0xf6, 0x0f, 0x84, 0x11, 0x01, 0x00, 0x00, 0x4d, 0x8d, 0x51  # +0x2510
    .byte 0x03, 0x45, 0x31, 0xdb, 0xbf, 0xcd, 0xcc, 0xcc, 0xcc, 0x0f, 0x1f, 0x80, 0x00, 0x00, 0x00, 0x00  # +0x2520
    .byte 0x89, 0xf3, 0x48, 0x0f, 0xaf, 0xdf, 0x48, 0xc1, 0xeb, 0x23, 0x44, 0x8d, 0x34, 0x1b, 0x43, 0x8d  # +0x2530
    .byte 0x2c, 0xb6, 0x41, 0x89, 0xf6, 0x41, 0x29, 0xee, 0x41, 0x80, 0xce, 0x30, 0x45, 0x89, 0xdf, 0x41  # +0x2540
    .byte 0xff, 0xc3, 0x46, 0x88, 0x74, 0x3c, 0x20, 0x83, 0xfe, 0x0a, 0x89, 0xde, 0x73, 0xd2, 0x45, 0x85  # +0x2550
    .byte 0xdb, 0x0f, 0x84, 0xd3, 0x00, 0x00, 0x00, 0x44, 0x89, 0xde, 0x41, 0x83, 0xfb, 0x1f, 0x76, 0x2b  # +0x2560
    .byte 0x4d, 0x8d, 0x1c, 0x31, 0x49, 0x83, 0xc3, 0x03, 0x48, 0x8d, 0x3c, 0x34, 0x48, 0x83, 0xc7, 0x20  # +0x2570
    .byte 0x49, 0x39, 0xfa, 0x0f, 0x92, 0xc3, 0x48, 0x8d, 0x7c, 0x24, 0x20, 0x4c, 0x39, 0xdf, 0x41, 0x0f  # +0x2580
    .byte 0x92, 0xc3, 0x44, 0x84, 0xdb, 0x0f, 0x84, 0x48, 0x1b, 0x00, 0x00, 0x49, 0x89, 0xf3, 0x4d, 0x8d  # +0x2590
    .byte 0x4b, 0xff, 0x4c, 0x89, 0xde, 0x48, 0x83, 0xe6, 0x07, 0x74, 0x19, 0x0f, 0x1f, 0x44, 0x00, 0x00  # +0x25a0
    .byte 0x42, 0x0f, 0xb6, 0x5c, 0x1c, 0x1f, 0x49, 0xff, 0xcb, 0x41, 0x88, 0x1a, 0x49, 0xff, 0xc2, 0x48  # +0x25b0
    .byte 0xff, 0xce, 0x75, 0xec, 0x49, 0x83, 0xf9, 0x07, 0x72, 0x70, 0x4d, 0x89, 0xd1, 0x0f, 0x1f, 0x00  # +0x25c0
    .byte 0x46, 0x0f, 0xb6, 0x54, 0x1c, 0x1f, 0x45, 0x88, 0x11, 0x46, 0x0f, 0xb6, 0x54, 0x1c, 0x1e, 0x45  # +0x25d0
    .byte 0x88, 0x51, 0x01, 0x46, 0x0f, 0xb6, 0x54, 0x1c, 0x1d, 0x45, 0x88, 0x51, 0x02, 0x46, 0x0f, 0xb6  # +0x25e0
    .byte 0x54, 0x1c, 0x1c, 0x45, 0x88, 0x51, 0x03, 0x46, 0x0f, 0xb6, 0x54, 0x1c, 0x1b, 0x45, 0x88, 0x51  # +0x25f0
    .byte 0x04, 0x46, 0x0f, 0xb6, 0x54, 0x1c, 0x1a, 0x45, 0x88, 0x51, 0x05, 0x46, 0x0f, 0xb6, 0x54, 0x1c  # +0x2600
    .byte 0x19, 0x45, 0x88, 0x51, 0x06, 0x4d, 0x8d, 0x51, 0x08, 0x42, 0x0f, 0xb6, 0x5c, 0x1c, 0x18, 0x41  # +0x2610
    .byte 0x88, 0x59, 0x07, 0x4d, 0x89, 0xd1, 0x49, 0x83, 0xc3, 0xf8, 0x75, 0xa4, 0xeb, 0x0c, 0x41, 0xc6  # +0x2620
    .byte 0x41, 0x03, 0x30, 0x49, 0x83, 0xc1, 0x04, 0x4d, 0x89, 0xca, 0x49, 0xb9, 0x20, 0x70, 0x72, 0x6f  # +0x2630
    .byte 0x62, 0x65, 0x5f, 0x68, 0x4d, 0x89, 0x0a, 0x41, 0xc7, 0x42, 0x08, 0x69, 0x74, 0x73, 0x3d, 0x41  # +0x2640
    .byte 0x8b, 0x74, 0x24, 0x2c, 0x85, 0xf6, 0x0f, 0x84, 0x12, 0x01, 0x00, 0x00, 0x4d, 0x8d, 0x4a, 0x0c  # +0x2650
    .byte 0x45, 0x31, 0xdb, 0xbf, 0xcd, 0xcc, 0xcc, 0xcc, 0x0f, 0x1f, 0x84, 0x00, 0x00, 0x00, 0x00, 0x00  # +0x2660
    .byte 0x89, 0xf3, 0x48, 0x0f, 0xaf, 0xdf, 0x48, 0xc1, 0xeb, 0x23, 0x44, 0x8d, 0x34, 0x1b, 0x43, 0x8d  # +0x2670
    .byte 0x2c, 0xb6, 0x41, 0x89, 0xf6, 0x41, 0x29, 0xee, 0x41, 0x80, 0xce, 0x30, 0x45, 0x89, 0xdf, 0x41  # +0x2680
    .byte 0xff, 0xc3, 0x46, 0x88, 0x74, 0x3c, 0x20, 0x83, 0xfe, 0x0a, 0x89, 0xde, 0x73, 0xd2, 0x45, 0x85  # +0x2690
    .byte 0xdb, 0x0f, 0x84, 0xd3, 0x00, 0x00, 0x00, 0x44, 0x89, 0xde, 0x41, 0x83, 0xfb, 0x1f, 0x76, 0x2b  # +0x26a0
    .byte 0x4d, 0x8d, 0x1c, 0x32, 0x49, 0x83, 0xc3, 0x0c, 0x48, 0x8d, 0x3c, 0x34, 0x48, 0x83, 0xc7, 0x20  # +0x26b0
    .byte 0x49, 0x39, 0xf9, 0x0f, 0x92, 0xc3, 0x48, 0x8d, 0x7c, 0x24, 0x20, 0x4c, 0x39, 0xdf, 0x41, 0x0f  # +0x26c0
    .byte 0x92, 0xc3, 0x44, 0x84, 0xdb, 0x0f, 0x84, 0xcd, 0x1a, 0x00, 0x00, 0x49, 0x89, 0xf3, 0x4d, 0x8d  # +0x26d0
    .byte 0x53, 0xff, 0x4c, 0x89, 0xde, 0x48, 0x83, 0xe6, 0x07, 0x74, 0x19, 0x0f, 0x1f, 0x44, 0x00, 0x00  # +0x26e0
    .byte 0x42, 0x0f, 0xb6, 0x5c, 0x1c, 0x1f, 0x49, 0xff, 0xcb, 0x41, 0x88, 0x19, 0x49, 0xff, 0xc1, 0x48  # +0x26f0
    .byte 0xff, 0xce, 0x75, 0xec, 0x49, 0x83, 0xfa, 0x07, 0x72, 0x70, 0x4d, 0x89, 0xca, 0x0f, 0x1f, 0x00  # +0x2700
    .byte 0x46, 0x0f, 0xb6, 0x4c, 0x1c, 0x1f, 0x45, 0x88, 0x0a, 0x46, 0x0f, 0xb6, 0x4c, 0x1c, 0x1e, 0x45  # +0x2710
    .byte 0x88, 0x4a, 0x01, 0x46, 0x0f, 0xb6, 0x4c, 0x1c, 0x1d, 0x45, 0x88, 0x4a, 0x02, 0x46, 0x0f, 0xb6  # +0x2720
    .byte 0x4c, 0x1c, 0x1c, 0x45, 0x88, 0x4a, 0x03, 0x46, 0x0f, 0xb6, 0x4c, 0x1c, 0x1b, 0x45, 0x88, 0x4a  # +0x2730
    .byte 0x04, 0x46, 0x0f, 0xb6, 0x4c, 0x1c, 0x1a, 0x45, 0x88, 0x4a, 0x05, 0x46, 0x0f, 0xb6, 0x4c, 0x1c  # +0x2740
    .byte 0x19, 0x45, 0x88, 0x4a, 0x06, 0x4d, 0x8d, 0x4a, 0x08, 0x42, 0x0f, 0xb6, 0x5c, 0x1c, 0x18, 0x41  # +0x2750
    .byte 0x88, 0x5a, 0x07, 0x4d, 0x89, 0xca, 0x49, 0x83, 0xc3, 0xf8, 0x75, 0xa4, 0xeb, 0x0c, 0x41, 0xc6  # +0x2760
    .byte 0x42, 0x0c, 0x30, 0x49, 0x83, 0xc2, 0x0d, 0x4d, 0x89, 0xd1, 0x49, 0xba, 0x20, 0x75, 0x6e, 0x69  # +0x2770
    .byte 0x71, 0x75, 0x65, 0x5f, 0x4d, 0x89, 0x11, 0x41, 0xc7, 0x41, 0x08, 0x70, 0x72, 0x6f, 0x62, 0x66  # +0x2780
    .byte 0x41, 0xc7, 0x41, 0x0c, 0x65, 0x73, 0x41, 0xc6, 0x41, 0x0e, 0x3d, 0x45, 0x85, 0xc0, 0x0f, 0x84  # +0x2790
    .byte 0x0a, 0x01, 0x00, 0x00, 0x4d, 0x8d, 0x51, 0x0f, 0x31, 0xf6, 0x41, 0xbb, 0xcd, 0xcc, 0xcc, 0xcc  # +0x27a0
    .byte 0x44, 0x89, 0xc7, 0x49, 0x0f, 0xaf, 0xfb, 0x48, 0xc1, 0xef, 0x23, 0x8d, 0x1c, 0x3f, 0x8d, 0x1c  # +0x27b0
    .byte 0x9b, 0x44, 0x89, 0xc5, 0x29, 0xdd, 0x40, 0x80, 0xcd, 0x30, 0x89, 0xf3, 0xff, 0xc6, 0x40, 0x88  # +0x27c0
    .byte 0x6c, 0x1c, 0x20, 0x41, 0x83, 0xf8, 0x0a, 0x41, 0x89, 0xf8, 0x73, 0xd4, 0x85, 0xf6, 0x0f, 0x84  # +0x27d0
    .byte 0xd6, 0x00, 0x00, 0x00, 0x41, 0x89, 0xf3, 0x83, 0xfe, 0x1f, 0x76, 0x2b, 0x4f, 0x8d, 0x04, 0x19  # +0x27e0
    .byte 0x49, 0x83, 0xc0, 0x0f, 0x4a, 0x8d, 0x34, 0x1c, 0x48, 0x83, 0xc6, 0x20, 0x49, 0x39, 0xf2, 0x0f  # +0x27f0
    .byte 0x92, 0xc3, 0x48, 0x8d, 0x74, 0x24, 0x20, 0x4c, 0x39, 0xc6, 0x41, 0x0f, 0x92, 0xc0, 0x44, 0x84  # +0x2800
    .byte 0xc3, 0x0f, 0x84, 0x51, 0x1a, 0x00, 0x00, 0x4d, 0x89, 0xd8, 0x4d, 0x8d, 0x48, 0xff, 0x4d, 0x89  # +0x2810
    .byte 0xc3, 0x49, 0x83, 0xe3, 0x07, 0x74, 0x1d, 0x66, 0x0f, 0x1f, 0x84, 0x00, 0x00, 0x00, 0x00, 0x00  # +0x2820
    .byte 0x42, 0x0f, 0xb6, 0x5c, 0x04, 0x1f, 0x49, 0xff, 0xc8, 0x41, 0x88, 0x1a, 0x49, 0xff, 0xc2, 0x49  # +0x2830
    .byte 0xff, 0xcb, 0x75, 0xec, 0x49, 0x83, 0xf9, 0x07, 0x72, 0x70, 0x4d, 0x89, 0xd1, 0x0f, 0x1f, 0x00  # +0x2840
    .byte 0x46, 0x0f, 0xb6, 0x54, 0x04, 0x1f, 0x45, 0x88, 0x11, 0x46, 0x0f, 0xb6, 0x54, 0x04, 0x1e, 0x45  # +0x2850
    .byte 0x88, 0x51, 0x01, 0x46, 0x0f, 0xb6, 0x54, 0x04, 0x1d, 0x45, 0x88, 0x51, 0x02, 0x46, 0x0f, 0xb6  # +0x2860
    .byte 0x54, 0x04, 0x1c, 0x45, 0x88, 0x51, 0x03, 0x46, 0x0f, 0xb6, 0x54, 0x04, 0x1b, 0x45, 0x88, 0x51  # +0x2870
    .byte 0x04, 0x46, 0x0f, 0xb6, 0x54, 0x04, 0x1a, 0x45, 0x88, 0x51, 0x05, 0x46, 0x0f, 0xb6, 0x54, 0x04  # +0x2880
    .byte 0x19, 0x45, 0x88, 0x51, 0x06, 0x4d, 0x8d, 0x51, 0x08, 0x46, 0x0f, 0xb6, 0x5c, 0x04, 0x18, 0x45  # +0x2890
    .byte 0x88, 0x59, 0x07, 0x4d, 0x89, 0xd1, 0x49, 0x83, 0xc0, 0xf8, 0x75, 0xa4, 0xeb, 0x0c, 0x41, 0xc6  # +0x28a0
    .byte 0x41, 0x0f, 0x30, 0x49, 0x83, 0xc1, 0x10, 0x4d, 0x89, 0xca, 0x41, 0xc7, 0x02, 0x20, 0x72, 0x65  # +0x28b0
    .byte 0x61, 0x66, 0x41, 0xc7, 0x42, 0x04, 0x64, 0x79, 0x41, 0xc6, 0x42, 0x06, 0x3d, 0x85, 0xd2, 0x0f  # +0x28c0
    .byte 0x84, 0x19, 0x01, 0x00, 0x00, 0x4d, 0x8d, 0x42, 0x07, 0x45, 0x31, 0xdb, 0x41, 0xb9, 0xcd, 0xcc  # +0x28d0
    .byte 0xcc, 0xcc, 0x66, 0x66, 0x66, 0x66, 0x66, 0x2e, 0x0f, 0x1f, 0x84, 0x00, 0x00, 0x00, 0x00, 0x00  # +0x28e0
    .byte 0x89, 0xd6, 0x49, 0x0f, 0xaf, 0xf1, 0x48, 0xc1, 0xee, 0x23, 0x8d, 0x3c, 0x36, 0x8d, 0x3c, 0xbf  # +0x28f0
    .byte 0x89, 0xd3, 0x29, 0xfb, 0x80, 0xcb, 0x30, 0x44, 0x89, 0xdf, 0x41, 0xff, 0xc3, 0x88, 0x5c, 0x3c  # +0x2900
    .byte 0x20, 0x83, 0xfa, 0x0a, 0x89, 0xf2, 0x73, 0xd8, 0x45, 0x85, 0xdb, 0x0f, 0x84, 0xd9, 0x00, 0x00  # +0x2910
    .byte 0x00, 0x45, 0x89, 0xd9, 0x41, 0x83, 0xfb, 0x1f, 0x76, 0x2b, 0x4b, 0x8d, 0x14, 0x0a, 0x48, 0x83  # +0x2920
    .byte 0xc2, 0x07, 0x4e, 0x8d, 0x1c, 0x0c, 0x49, 0x83, 0xc3, 0x20, 0x4d, 0x39, 0xd8, 0x41, 0x0f, 0x92  # +0x2930
    .byte 0xc3, 0x48, 0x8d, 0x74, 0x24, 0x20, 0x48, 0x39, 0xd6, 0x0f, 0x92, 0xc2, 0x41, 0x84, 0xd3, 0x0f  # +0x2940
    .byte 0x84, 0xc9, 0x19, 0x00, 0x00, 0x4c, 0x89, 0xca, 0x4c, 0x8d, 0x4a, 0xff, 0x49, 0x89, 0xd2, 0x49  # +0x2950
    .byte 0x83, 0xe2, 0x07, 0x74, 0x1f, 0x66, 0x66, 0x2e, 0x0f, 0x1f, 0x84, 0x00, 0x00, 0x00, 0x00, 0x00  # +0x2960
    .byte 0x44, 0x0f, 0xb6, 0x5c, 0x14, 0x1f, 0x48, 0xff, 0xca, 0x45, 0x88, 0x18, 0x49, 0xff, 0xc0, 0x49  # +0x2970
    .byte 0xff, 0xca, 0x75, 0xec, 0x49, 0x83, 0xf9, 0x07, 0x72, 0x70, 0x4d, 0x89, 0xc1, 0x0f, 0x1f, 0x00  # +0x2980
    .byte 0x44, 0x0f, 0xb6, 0x44, 0x14, 0x1f, 0x45, 0x88, 0x01, 0x44, 0x0f, 0xb6, 0x44, 0x14, 0x1e, 0x45  # +0x2990
    .byte 0x88, 0x41, 0x01, 0x44, 0x0f, 0xb6, 0x44, 0x14, 0x1d, 0x45, 0x88, 0x41, 0x02, 0x44, 0x0f, 0xb6  # +0x29a0
    .byte 0x44, 0x14, 0x1c, 0x45, 0x88, 0x41, 0x03, 0x44, 0x0f, 0xb6, 0x44, 0x14, 0x1b, 0x45, 0x88, 0x41  # +0x29b0
    .byte 0x04, 0x44, 0x0f, 0xb6, 0x44, 0x14, 0x1a, 0x45, 0x88, 0x41, 0x05, 0x44, 0x0f, 0xb6, 0x44, 0x14  # +0x29c0
    .byte 0x19, 0x45, 0x88, 0x41, 0x06, 0x4d, 0x8d, 0x41, 0x08, 0x44, 0x0f, 0xb6, 0x54, 0x14, 0x18, 0x45  # +0x29d0
    .byte 0x88, 0x51, 0x07, 0x4d, 0x89, 0xc1, 0x48, 0x83, 0xc2, 0xf8, 0x75, 0xa4, 0xeb, 0x0c, 0x41, 0xc6  # +0x29e0
    .byte 0x42, 0x07, 0x30, 0x49, 0x83, 0xc2, 0x08, 0x4d, 0x89, 0xd0, 0x48, 0xba, 0x20, 0x66, 0x61, 0x69  # +0x29f0
    .byte 0x6c, 0x65, 0x64, 0x3d, 0x49, 0x89, 0x10, 0x85, 0xc9, 0x0f, 0x84, 0x08, 0x01, 0x00, 0x00, 0x49  # +0x2a00
    .byte 0x8d, 0x50, 0x08, 0x45, 0x31, 0xd2, 0x41, 0xb9, 0xcd, 0xcc, 0xcc, 0xcc, 0x0f, 0x1f, 0x40, 0x00  # +0x2a10
    .byte 0x41, 0x89, 0xcb, 0x4d, 0x0f, 0xaf, 0xd9, 0x49, 0xc1, 0xeb, 0x23, 0x43, 0x8d, 0x34, 0x1b, 0x8d  # +0x2a20
    .byte 0x34, 0xb6, 0x89, 0xcf, 0x29, 0xf7, 0x40, 0x80, 0xcf, 0x30, 0x44, 0x89, 0xd6, 0x41, 0xff, 0xc2  # +0x2a30
    .byte 0x40, 0x88, 0x7c, 0x34, 0x20, 0x83, 0xf9, 0x0a, 0x44, 0x89, 0xd9, 0x73, 0xd3, 0x45, 0x85, 0xd2  # +0x2a40
    .byte 0x0f, 0x84, 0xcd, 0x00, 0x00, 0x00, 0x45, 0x89, 0xd1, 0x41, 0x83, 0xfa, 0x1f, 0x76, 0x2b, 0x4b  # +0x2a50
    .byte 0x8d, 0x0c, 0x08, 0x48, 0x83, 0xc1, 0x08, 0x4e, 0x8d, 0x14, 0x0c, 0x49, 0x83, 0xc2, 0x20, 0x4c  # +0x2a60
    .byte 0x39, 0xd2, 0x41, 0x0f, 0x92, 0xc2, 0x4c, 0x8d, 0x5c, 0x24, 0x20, 0x49, 0x39, 0xcb, 0x0f, 0x92  # +0x2a70
    .byte 0xc1, 0x41, 0x84, 0xca, 0x0f, 0x84, 0x54, 0x19, 0x00, 0x00, 0x4c, 0x89, 0xc9, 0x4c, 0x8d, 0x41  # +0x2a80
    .byte 0xff, 0x49, 0x89, 0xc9, 0x49, 0x83, 0xe1, 0x07, 0x74, 0x1a, 0x66, 0x0f, 0x1f, 0x44, 0x00, 0x00  # +0x2a90
    .byte 0x44, 0x0f, 0xb6, 0x54, 0x0c, 0x1f, 0x48, 0xff, 0xc9, 0x44, 0x88, 0x12, 0x48, 0xff, 0xc2, 0x49  # +0x2aa0
    .byte 0xff, 0xc9, 0x75, 0xec, 0x49, 0x83, 0xf8, 0x07, 0x72, 0x69, 0x49, 0x89, 0xd0, 0x0f, 0x1f, 0x00  # +0x2ab0
    .byte 0x0f, 0xb6, 0x54, 0x0c, 0x1f, 0x41, 0x88, 0x10, 0x0f, 0xb6, 0x54, 0x0c, 0x1e, 0x41, 0x88, 0x50  # +0x2ac0
    .byte 0x01, 0x0f, 0xb6, 0x54, 0x0c, 0x1d, 0x41, 0x88, 0x50, 0x02, 0x0f, 0xb6, 0x54, 0x0c, 0x1c, 0x41  # +0x2ad0
    .byte 0x88, 0x50, 0x03, 0x0f, 0xb6, 0x54, 0x0c, 0x1b, 0x41, 0x88, 0x50, 0x04, 0x0f, 0xb6, 0x54, 0x0c  # +0x2ae0
    .byte 0x1a, 0x41, 0x88, 0x50, 0x05, 0x0f, 0xb6, 0x54, 0x0c, 0x19, 0x41, 0x88, 0x50, 0x06, 0x49, 0x8d  # +0x2af0
    .byte 0x50, 0x08, 0x44, 0x0f, 0xb6, 0x4c, 0x0c, 0x18, 0x45, 0x88, 0x48, 0x07, 0x49, 0x89, 0xd0, 0x48  # +0x2b00
    .byte 0x83, 0xc1, 0xf8, 0x75, 0xab, 0xeb, 0x0c, 0x41, 0xc6, 0x40, 0x08, 0x30, 0x49, 0x83, 0xc0, 0x09  # +0x2b10
    .byte 0x4c, 0x89, 0xc2, 0x48, 0xb9, 0x20, 0x70, 0x65, 0x6e, 0x64, 0x69, 0x6e, 0x67, 0x48, 0x89, 0x0a  # +0x2b20
    .byte 0xc6, 0x42, 0x08, 0x3d, 0x85, 0xc0, 0x0f, 0x84, 0x04, 0x01, 0x00, 0x00, 0x48, 0x8d, 0x4a, 0x09  # +0x2b30
    .byte 0x45, 0x31, 0xc9, 0x41, 0xb8, 0xcd, 0xcc, 0xcc, 0xcc, 0x0f, 0x1f, 0x80, 0x00, 0x00, 0x00, 0x00  # +0x2b40
    .byte 0x41, 0x89, 0xc2, 0x4d, 0x0f, 0xaf, 0xd0, 0x49, 0xc1, 0xea, 0x23, 0x47, 0x8d, 0x1c, 0x12, 0x47  # +0x2b50
    .byte 0x8d, 0x1c, 0x9b, 0x89, 0xc6, 0x44, 0x29, 0xde, 0x40, 0x80, 0xce, 0x30, 0x45, 0x89, 0xcb, 0x41  # +0x2b60
    .byte 0xff, 0xc1, 0x42, 0x88, 0x74, 0x1c, 0x20, 0x83, 0xf8, 0x0a, 0x44, 0x89, 0xd0, 0x73, 0xd1, 0x45  # +0x2b70
    .byte 0x85, 0xc9, 0x0f, 0x84, 0xc3, 0x00, 0x00, 0x00, 0x45, 0x89, 0xc8, 0x41, 0x83, 0xf9, 0x1f, 0x76  # +0x2b80
    .byte 0x2b, 0x4a, 0x8d, 0x04, 0x02, 0x48, 0x83, 0xc0, 0x09, 0x4e, 0x8d, 0x0c, 0x04, 0x49, 0x83, 0xc1  # +0x2b90
    .byte 0x20, 0x4c, 0x39, 0xc9, 0x41, 0x0f, 0x92, 0xc1, 0x4c, 0x8d, 0x54, 0x24, 0x20, 0x49, 0x39, 0xc2  # +0x2ba0
    .byte 0x0f, 0x92, 0xc0, 0x41, 0x84, 0xc1, 0x0f, 0x84, 0xe8, 0x18, 0x00, 0x00, 0x4c, 0x89, 0xc0, 0x48  # +0x2bb0
    .byte 0x8d, 0x50, 0xff, 0x49, 0x89, 0xc0, 0x49, 0x83, 0xe0, 0x07, 0x74, 0x18, 0x0f, 0x1f, 0x40, 0x00  # +0x2bc0
    .byte 0x44, 0x0f, 0xb6, 0x4c, 0x04, 0x1f, 0x48, 0xff, 0xc8, 0x44, 0x88, 0x09, 0x48, 0xff, 0xc1, 0x49  # +0x2bd0
    .byte 0xff, 0xc8, 0x75, 0xec, 0x48, 0x83, 0xfa, 0x07, 0x72, 0x61, 0x48, 0x89, 0xca, 0x0f, 0x1f, 0x00  # +0x2be0
    .byte 0x0f, 0xb6, 0x4c, 0x04, 0x1f, 0x88, 0x0a, 0x0f, 0xb6, 0x4c, 0x04, 0x1e, 0x88, 0x4a, 0x01, 0x0f  # +0x2bf0
    .byte 0xb6, 0x4c, 0x04, 0x1d, 0x88, 0x4a, 0x02, 0x0f, 0xb6, 0x4c, 0x04, 0x1c, 0x88, 0x4a, 0x03, 0x0f  # +0x2c00
    .byte 0xb6, 0x4c, 0x04, 0x1b, 0x88, 0x4a, 0x04, 0x0f, 0xb6, 0x4c, 0x04, 0x1a, 0x88, 0x4a, 0x05, 0x0f  # +0x2c10
    .byte 0xb6, 0x4c, 0x04, 0x19, 0x88, 0x4a, 0x06, 0x48, 0x8d, 0x4a, 0x08, 0x44, 0x0f, 0xb6, 0x44, 0x04  # +0x2c20
    .byte 0x18, 0x44, 0x88, 0x42, 0x07, 0x48, 0x89, 0xca, 0x48, 0x83, 0xc0, 0xf8, 0x75, 0xb2, 0xeb, 0x0b  # +0x2c30
    .byte 0xc6, 0x42, 0x09, 0x30, 0x48, 0x83, 0xc2, 0x0a, 0x48, 0x89, 0xd1, 0x48, 0xb8, 0x20, 0x75, 0x6e  # +0x2c40
    .byte 0x6b, 0x6e, 0x6f, 0x77, 0x6e, 0x48, 0x89, 0x01, 0xc6, 0x41, 0x08, 0x3d, 0x45, 0x8b, 0x44, 0x24  # +0x2c50
    .byte 0x3c, 0x45, 0x85, 0xc0, 0x0f, 0x84, 0x06, 0x01, 0x00, 0x00, 0x48, 0x8d, 0x41, 0x09, 0x31, 0xd2  # +0x2c60
    .byte 0x41, 0xb9, 0xcd, 0xcc, 0xcc, 0xcc, 0x66, 0x2e, 0x0f, 0x1f, 0x84, 0x00, 0x00, 0x00, 0x00, 0x00  # +0x2c70
    .byte 0x45, 0x89, 0xc2, 0x4d, 0x0f, 0xaf, 0xd1, 0x49, 0xc1, 0xea, 0x23, 0x47, 0x8d, 0x1c, 0x12, 0x47  # +0x2c80
    .byte 0x8d, 0x1c, 0x9b, 0x44, 0x89, 0xc6, 0x44, 0x29, 0xde, 0x40, 0x80, 0xce, 0x30, 0x41, 0x89, 0xd3  # +0x2c90
    .byte 0xff, 0xc2, 0x42, 0x88, 0x74, 0x1c, 0x20, 0x41, 0x83, 0xf8, 0x0a, 0x45, 0x89, 0xd0, 0x73, 0xd0  # +0x2ca0
    .byte 0x85, 0xd2, 0x0f, 0x84, 0xc3, 0x00, 0x00, 0x00, 0x41, 0x89, 0xd0, 0x83, 0xfa, 0x1f, 0x76, 0x2b  # +0x2cb0
    .byte 0x4a, 0x8d, 0x14, 0x01, 0x48, 0x83, 0xc2, 0x09, 0x4e, 0x8d, 0x0c, 0x04, 0x49, 0x83, 0xc1, 0x20  # +0x2cc0
    .byte 0x4c, 0x39, 0xc8, 0x41, 0x0f, 0x92, 0xc1, 0x4c, 0x8d, 0x54, 0x24, 0x20, 0x49, 0x39, 0xd2, 0x0f  # +0x2cd0
    .byte 0x92, 0xc2, 0x41, 0x84, 0xd1, 0x0f, 0x84, 0x73, 0x18, 0x00, 0x00, 0x4c, 0x89, 0xc2, 0x48, 0x8d  # +0x2ce0
    .byte 0x4a, 0xff, 0x49, 0x89, 0xd0, 0x49, 0x83, 0xe0, 0x07, 0x74, 0x19, 0x0f, 0x1f, 0x44, 0x00, 0x00  # +0x2cf0
    .byte 0x44, 0x0f, 0xb6, 0x4c, 0x14, 0x1f, 0x48, 0xff, 0xca, 0x44, 0x88, 0x08, 0x48, 0xff, 0xc0, 0x49  # +0x2d00
    .byte 0xff, 0xc8, 0x75, 0xec, 0x48, 0x83, 0xf9, 0x07, 0x72, 0x61, 0x48, 0x89, 0xc1, 0x0f, 0x1f, 0x00  # +0x2d10
    .byte 0x0f, 0xb6, 0x44, 0x14, 0x1f, 0x88, 0x01, 0x0f, 0xb6, 0x44, 0x14, 0x1e, 0x88, 0x41, 0x01, 0x0f  # +0x2d20
    .byte 0xb6, 0x44, 0x14, 0x1d, 0x88, 0x41, 0x02, 0x0f, 0xb6, 0x44, 0x14, 0x1c, 0x88, 0x41, 0x03, 0x0f  # +0x2d30
    .byte 0xb6, 0x44, 0x14, 0x1b, 0x88, 0x41, 0x04, 0x0f, 0xb6, 0x44, 0x14, 0x1a, 0x88, 0x41, 0x05, 0x0f  # +0x2d40
    .byte 0xb6, 0x44, 0x14, 0x19, 0x88, 0x41, 0x06, 0x48, 0x8d, 0x41, 0x08, 0x44, 0x0f, 0xb6, 0x44, 0x14  # +0x2d50
    .byte 0x18, 0x44, 0x88, 0x41, 0x07, 0x48, 0x89, 0xc1, 0x48, 0x83, 0xc2, 0xf8, 0x75, 0xb2, 0xeb, 0x0b  # +0x2d60
    .byte 0xc6, 0x41, 0x09, 0x30, 0x48, 0x83, 0xc1, 0x0a, 0x48, 0x89, 0xc8, 0x48, 0xb9, 0x20, 0x64, 0x65  # +0x2d70
    .byte 0x76, 0x69, 0x63, 0x65, 0x5f, 0x48, 0x89, 0x08, 0xc7, 0x40, 0x08, 0x66, 0x61, 0x69, 0x6c, 0xc6  # +0x2d80
    .byte 0x40, 0x0c, 0x3d, 0x45, 0x8b, 0x44, 0x24, 0x38, 0x45, 0x85, 0xc0, 0x0f, 0x84, 0xff, 0x00, 0x00  # +0x2d90
    .byte 0x00, 0x48, 0x8d, 0x48, 0x0d, 0x31, 0xd2, 0x41, 0xb9, 0xcd, 0xcc, 0xcc, 0xcc, 0x0f, 0x1f, 0x00  # +0x2da0
    .byte 0x45, 0x89, 0xc2, 0x4d, 0x0f, 0xaf, 0xd1, 0x49, 0xc1, 0xea, 0x23, 0x47, 0x8d, 0x1c, 0x12, 0x47  # +0x2db0
    .byte 0x8d, 0x1c, 0x9b, 0x44, 0x89, 0xc6, 0x44, 0x29, 0xde, 0x40, 0x80, 0xce, 0x30, 0x41, 0x89, 0xd3  # +0x2dc0
    .byte 0xff, 0xc2, 0x42, 0x88, 0x74, 0x1c, 0x20, 0x41, 0x83, 0xf8, 0x0a, 0x45, 0x89, 0xd0, 0x73, 0xd0  # +0x2dd0
    .byte 0x85, 0xd2, 0x0f, 0x84, 0xc3, 0x00, 0x00, 0x00, 0x41, 0x89, 0xd0, 0x83, 0xfa, 0x1f, 0x76, 0x2b  # +0x2de0
    .byte 0x4a, 0x8d, 0x14, 0x00, 0x48, 0x83, 0xc2, 0x0d, 0x4e, 0x8d, 0x0c, 0x04, 0x49, 0x83, 0xc1, 0x20  # +0x2df0
    .byte 0x4c, 0x39, 0xc9, 0x41, 0x0f, 0x92, 0xc1, 0x4c, 0x8d, 0x54, 0x24, 0x20, 0x49, 0x39, 0xd2, 0x0f  # +0x2e00
    .byte 0x92, 0xc2, 0x41, 0x84, 0xd1, 0x0f, 0x84, 0x03, 0x18, 0x00, 0x00, 0x4c, 0x89, 0xc2, 0x48, 0x8d  # +0x2e10
    .byte 0x42, 0xff, 0x49, 0x89, 0xd0, 0x49, 0x83, 0xe0, 0x07, 0x74, 0x19, 0x0f, 0x1f, 0x44, 0x00, 0x00  # +0x2e20
    .byte 0x44, 0x0f, 0xb6, 0x4c, 0x14, 0x1f, 0x48, 0xff, 0xca, 0x44, 0x88, 0x09, 0x48, 0xff, 0xc1, 0x49  # +0x2e30
    .byte 0xff, 0xc8, 0x75, 0xec, 0x48, 0x83, 0xf8, 0x07, 0x72, 0x61, 0x48, 0x89, 0xc8, 0x0f, 0x1f, 0x00  # +0x2e40
    .byte 0x0f, 0xb6, 0x4c, 0x14, 0x1f, 0x88, 0x08, 0x0f, 0xb6, 0x4c, 0x14, 0x1e, 0x88, 0x48, 0x01, 0x0f  # +0x2e50
    .byte 0xb6, 0x4c, 0x14, 0x1d, 0x88, 0x48, 0x02, 0x0f, 0xb6, 0x4c, 0x14, 0x1c, 0x88, 0x48, 0x03, 0x0f  # +0x2e60
    .byte 0xb6, 0x4c, 0x14, 0x1b, 0x88, 0x48, 0x04, 0x0f, 0xb6, 0x4c, 0x14, 0x1a, 0x88, 0x48, 0x05, 0x0f  # +0x2e70
    .byte 0xb6, 0x4c, 0x14, 0x19, 0x88, 0x48, 0x06, 0x48, 0x8d, 0x48, 0x08, 0x44, 0x0f, 0xb6, 0x44, 0x14  # +0x2e80
    .byte 0x18, 0x44, 0x88, 0x40, 0x07, 0x48, 0x89, 0xc8, 0x48, 0x83, 0xc2, 0xf8, 0x75, 0xb2, 0xeb, 0x0b  # +0x2e90
    .byte 0xc6, 0x40, 0x0d, 0x30, 0x48, 0x83, 0xc0, 0x0e, 0x48, 0x89, 0xc1, 0x48, 0xb8, 0x20, 0x74, 0x65  # +0x2ea0
    .byte 0x78, 0x5f, 0x70, 0x61, 0x73, 0x48, 0x89, 0x01, 0x66, 0xc7, 0x41, 0x08, 0x73, 0x3d, 0x45, 0x8b  # +0x2eb0
    .byte 0x44, 0x24, 0x40, 0x45, 0x85, 0xc0, 0x0f, 0x84, 0x04, 0x01, 0x00, 0x00, 0x48, 0x8d, 0x41, 0x0a  # +0x2ec0
    .byte 0x31, 0xd2, 0x41, 0xb9, 0xcd, 0xcc, 0xcc, 0xcc, 0x0f, 0x1f, 0x84, 0x00, 0x00, 0x00, 0x00, 0x00  # +0x2ed0
    .byte 0x45, 0x89, 0xc2, 0x4d, 0x0f, 0xaf, 0xd1, 0x49, 0xc1, 0xea, 0x23, 0x47, 0x8d, 0x1c, 0x12, 0x47  # +0x2ee0
    .byte 0x8d, 0x1c, 0x9b, 0x44, 0x89, 0xc6, 0x44, 0x29, 0xde, 0x40, 0x80, 0xce, 0x30, 0x41, 0x89, 0xd3  # +0x2ef0
    .byte 0xff, 0xc2, 0x42, 0x88, 0x74, 0x1c, 0x20, 0x41, 0x83, 0xf8, 0x0a, 0x45, 0x89, 0xd0, 0x73, 0xd0  # +0x2f00
    .byte 0x85, 0xd2, 0x0f, 0x84, 0xc3, 0x00, 0x00, 0x00, 0x41, 0x89, 0xd0, 0x83, 0xfa, 0x1f, 0x76, 0x2b  # +0x2f10
    .byte 0x4a, 0x8d, 0x14, 0x01, 0x48, 0x83, 0xc2, 0x0a, 0x4e, 0x8d, 0x0c, 0x04, 0x49, 0x83, 0xc1, 0x20  # +0x2f20
    .byte 0x4c, 0x39, 0xc8, 0x41, 0x0f, 0x92, 0xc1, 0x4c, 0x8d, 0x54, 0x24, 0x20, 0x49, 0x39, 0xd2, 0x0f  # +0x2f30
    .byte 0x92, 0xc2, 0x41, 0x84, 0xd1, 0x0f, 0x84, 0x93, 0x17, 0x00, 0x00, 0x4c, 0x89, 0xc2, 0x48, 0x8d  # +0x2f40
    .byte 0x4a, 0xff, 0x49, 0x89, 0xd0, 0x49, 0x83, 0xe0, 0x07, 0x74, 0x19, 0x0f, 0x1f, 0x44, 0x00, 0x00  # +0x2f50
    .byte 0x44, 0x0f, 0xb6, 0x4c, 0x14, 0x1f, 0x48, 0xff, 0xca, 0x44, 0x88, 0x08, 0x48, 0xff, 0xc0, 0x49  # +0x2f60
    .byte 0xff, 0xc8, 0x75, 0xec, 0x48, 0x83, 0xf9, 0x07, 0x72, 0x61, 0x48, 0x89, 0xc1, 0x0f, 0x1f, 0x00  # +0x2f70
    .byte 0x0f, 0xb6, 0x44, 0x14, 0x1f, 0x88, 0x01, 0x0f, 0xb6, 0x44, 0x14, 0x1e, 0x88, 0x41, 0x01, 0x0f  # +0x2f80
    .byte 0xb6, 0x44, 0x14, 0x1d, 0x88, 0x41, 0x02, 0x0f, 0xb6, 0x44, 0x14, 0x1c, 0x88, 0x41, 0x03, 0x0f  # +0x2f90
    .byte 0xb6, 0x44, 0x14, 0x1b, 0x88, 0x41, 0x04, 0x0f, 0xb6, 0x44, 0x14, 0x1a, 0x88, 0x41, 0x05, 0x0f  # +0x2fa0
    .byte 0xb6, 0x44, 0x14, 0x19, 0x88, 0x41, 0x06, 0x48, 0x8d, 0x41, 0x08, 0x44, 0x0f, 0xb6, 0x44, 0x14  # +0x2fb0
    .byte 0x18, 0x44, 0x88, 0x41, 0x07, 0x48, 0x89, 0xc1, 0x48, 0x83, 0xc2, 0xf8, 0x75, 0xb2, 0xeb, 0x0b  # +0x2fc0
    .byte 0xc6, 0x41, 0x0a, 0x30, 0x48, 0x83, 0xc1, 0x0b, 0x48, 0x89, 0xc8, 0x48, 0xb9, 0x20, 0x74, 0x65  # +0x2fd0
    .byte 0x78, 0x5f, 0x66, 0x61, 0x69, 0x48, 0x89, 0x08, 0x66, 0xc7, 0x40, 0x08, 0x6c, 0x3d, 0x45, 0x8b  # +0x2fe0
    .byte 0x44, 0x24, 0x44, 0x45, 0x85, 0xc0, 0x0f, 0x84, 0x04, 0x01, 0x00, 0x00, 0x48, 0x8d, 0x48, 0x0a  # +0x2ff0
    .byte 0x31, 0xd2, 0x41, 0xb9, 0xcd, 0xcc, 0xcc, 0xcc, 0x0f, 0x1f, 0x84, 0x00, 0x00, 0x00, 0x00, 0x00  # +0x3000
    .byte 0x45, 0x89, 0xc2, 0x4d, 0x0f, 0xaf, 0xd1, 0x49, 0xc1, 0xea, 0x23, 0x47, 0x8d, 0x1c, 0x12, 0x47  # +0x3010
    .byte 0x8d, 0x1c, 0x9b, 0x44, 0x89, 0xc6, 0x44, 0x29, 0xde, 0x40, 0x80, 0xce, 0x30, 0x41, 0x89, 0xd3  # +0x3020
    .byte 0xff, 0xc2, 0x42, 0x88, 0x74, 0x1c, 0x20, 0x41, 0x83, 0xf8, 0x0a, 0x45, 0x89, 0xd0, 0x73, 0xd0  # +0x3030
    .byte 0x85, 0xd2, 0x0f, 0x84, 0xc3, 0x00, 0x00, 0x00, 0x41, 0x89, 0xd0, 0x83, 0xfa, 0x1f, 0x76, 0x2b  # +0x3040
    .byte 0x4a, 0x8d, 0x14, 0x00, 0x48, 0x83, 0xc2, 0x0a, 0x4e, 0x8d, 0x0c, 0x04, 0x49, 0x83, 0xc1, 0x20  # +0x3050
    .byte 0x4c, 0x39, 0xc9, 0x41, 0x0f, 0x92, 0xc1, 0x4c, 0x8d, 0x54, 0x24, 0x20, 0x49, 0x39, 0xd2, 0x0f  # +0x3060
    .byte 0x92, 0xc2, 0x41, 0x84, 0xd1, 0x0f, 0x84, 0x23, 0x17, 0x00, 0x00, 0x4c, 0x89, 0xc2, 0x48, 0x8d  # +0x3070
    .byte 0x42, 0xff, 0x49, 0x89, 0xd0, 0x49, 0x83, 0xe0, 0x07, 0x74, 0x19, 0x0f, 0x1f, 0x44, 0x00, 0x00  # +0x3080
    .byte 0x44, 0x0f, 0xb6, 0x4c, 0x14, 0x1f, 0x48, 0xff, 0xca, 0x44, 0x88, 0x09, 0x48, 0xff, 0xc1, 0x49  # +0x3090
    .byte 0xff, 0xc8, 0x75, 0xec, 0x48, 0x83, 0xf8, 0x07, 0x72, 0x61, 0x48, 0x89, 0xc8, 0x0f, 0x1f, 0x00  # +0x30a0
    .byte 0x0f, 0xb6, 0x4c, 0x14, 0x1f, 0x88, 0x08, 0x0f, 0xb6, 0x4c, 0x14, 0x1e, 0x88, 0x48, 0x01, 0x0f  # +0x30b0
    .byte 0xb6, 0x4c, 0x14, 0x1d, 0x88, 0x48, 0x02, 0x0f, 0xb6, 0x4c, 0x14, 0x1c, 0x88, 0x48, 0x03, 0x0f  # +0x30c0
    .byte 0xb6, 0x4c, 0x14, 0x1b, 0x88, 0x48, 0x04, 0x0f, 0xb6, 0x4c, 0x14, 0x1a, 0x88, 0x48, 0x05, 0x0f  # +0x30d0
    .byte 0xb6, 0x4c, 0x14, 0x19, 0x88, 0x48, 0x06, 0x48, 0x8d, 0x48, 0x08, 0x44, 0x0f, 0xb6, 0x44, 0x14  # +0x30e0
    .byte 0x18, 0x44, 0x88, 0x40, 0x07, 0x48, 0x89, 0xc8, 0x48, 0x83, 0xc2, 0xf8, 0x75, 0xb2, 0xeb, 0x0b  # +0x30f0
    .byte 0xc6, 0x40, 0x0a, 0x30, 0x48, 0x83, 0xc0, 0x0b, 0x48, 0x89, 0xc1, 0x48, 0xb8, 0x20, 0x73, 0x72  # +0x3100
    .byte 0x76, 0x5f, 0x70, 0x61, 0x73, 0x48, 0x89, 0x01, 0x66, 0xc7, 0x41, 0x08, 0x73, 0x3d, 0x45, 0x8b  # +0x3110
    .byte 0x44, 0x24, 0x48, 0x45, 0x85, 0xc0, 0x0f, 0x84, 0x04, 0x01, 0x00, 0x00, 0x48, 0x8d, 0x41, 0x0a  # +0x3120
    .byte 0x31, 0xd2, 0x41, 0xb9, 0xcd, 0xcc, 0xcc, 0xcc, 0x0f, 0x1f, 0x84, 0x00, 0x00, 0x00, 0x00, 0x00  # +0x3130
    .byte 0x45, 0x89, 0xc2, 0x4d, 0x0f, 0xaf, 0xd1, 0x49, 0xc1, 0xea, 0x23, 0x47, 0x8d, 0x1c, 0x12, 0x47  # +0x3140
    .byte 0x8d, 0x1c, 0x9b, 0x44, 0x89, 0xc6, 0x44, 0x29, 0xde, 0x40, 0x80, 0xce, 0x30, 0x41, 0x89, 0xd3  # +0x3150
    .byte 0xff, 0xc2, 0x42, 0x88, 0x74, 0x1c, 0x20, 0x41, 0x83, 0xf8, 0x0a, 0x45, 0x89, 0xd0, 0x73, 0xd0  # +0x3160
    .byte 0x85, 0xd2, 0x0f, 0x84, 0xc3, 0x00, 0x00, 0x00, 0x41, 0x89, 0xd0, 0x83, 0xfa, 0x1f, 0x76, 0x2b  # +0x3170
    .byte 0x4a, 0x8d, 0x14, 0x01, 0x48, 0x83, 0xc2, 0x0a, 0x4e, 0x8d, 0x0c, 0x04, 0x49, 0x83, 0xc1, 0x20  # +0x3180
    .byte 0x4c, 0x39, 0xc8, 0x41, 0x0f, 0x92, 0xc1, 0x4c, 0x8d, 0x54, 0x24, 0x20, 0x49, 0x39, 0xd2, 0x0f  # +0x3190
    .byte 0x92, 0xc2, 0x41, 0x84, 0xd1, 0x0f, 0x84, 0xb3, 0x16, 0x00, 0x00, 0x4c, 0x89, 0xc2, 0x48, 0x8d  # +0x31a0
    .byte 0x4a, 0xff, 0x49, 0x89, 0xd0, 0x49, 0x83, 0xe0, 0x07, 0x74, 0x19, 0x0f, 0x1f, 0x44, 0x00, 0x00  # +0x31b0
    .byte 0x44, 0x0f, 0xb6, 0x4c, 0x14, 0x1f, 0x48, 0xff, 0xca, 0x44, 0x88, 0x08, 0x48, 0xff, 0xc0, 0x49  # +0x31c0
    .byte 0xff, 0xc8, 0x75, 0xec, 0x48, 0x83, 0xf9, 0x07, 0x72, 0x61, 0x48, 0x89, 0xc1, 0x0f, 0x1f, 0x00  # +0x31d0
    .byte 0x0f, 0xb6, 0x44, 0x14, 0x1f, 0x88, 0x01, 0x0f, 0xb6, 0x44, 0x14, 0x1e, 0x88, 0x41, 0x01, 0x0f  # +0x31e0
    .byte 0xb6, 0x44, 0x14, 0x1d, 0x88, 0x41, 0x02, 0x0f, 0xb6, 0x44, 0x14, 0x1c, 0x88, 0x41, 0x03, 0x0f  # +0x31f0
    .byte 0xb6, 0x44, 0x14, 0x1b, 0x88, 0x41, 0x04, 0x0f, 0xb6, 0x44, 0x14, 0x1a, 0x88, 0x41, 0x05, 0x0f  # +0x3200
    .byte 0xb6, 0x44, 0x14, 0x19, 0x88, 0x41, 0x06, 0x48, 0x8d, 0x41, 0x08, 0x44, 0x0f, 0xb6, 0x44, 0x14  # +0x3210
    .byte 0x18, 0x44, 0x88, 0x41, 0x07, 0x48, 0x89, 0xc1, 0x48, 0x83, 0xc2, 0xf8, 0x75, 0xb2, 0xeb, 0x0b  # +0x3220
    .byte 0xc6, 0x41, 0x0a, 0x30, 0x48, 0x83, 0xc1, 0x0b, 0x48, 0x89, 0xc8, 0x48, 0xb9, 0x20, 0x73, 0x72  # +0x3230
    .byte 0x76, 0x5f, 0x66, 0x61, 0x69, 0x48, 0x89, 0x08, 0x66, 0xc7, 0x40, 0x08, 0x6c, 0x3d, 0x45, 0x8b  # +0x3240
    .byte 0x44, 0x24, 0x4c, 0x45, 0x85, 0xc0, 0x0f, 0x84, 0x04, 0x01, 0x00, 0x00, 0x48, 0x8d, 0x48, 0x0a  # +0x3250
    .byte 0x31, 0xd2, 0x41, 0xb9, 0xcd, 0xcc, 0xcc, 0xcc, 0x0f, 0x1f, 0x84, 0x00, 0x00, 0x00, 0x00, 0x00  # +0x3260
    .byte 0x45, 0x89, 0xc2, 0x4d, 0x0f, 0xaf, 0xd1, 0x49, 0xc1, 0xea, 0x23, 0x47, 0x8d, 0x1c, 0x12, 0x47  # +0x3270
    .byte 0x8d, 0x1c, 0x9b, 0x44, 0x89, 0xc6, 0x44, 0x29, 0xde, 0x40, 0x80, 0xce, 0x30, 0x41, 0x89, 0xd3  # +0x3280
    .byte 0xff, 0xc2, 0x42, 0x88, 0x74, 0x1c, 0x20, 0x41, 0x83, 0xf8, 0x0a, 0x45, 0x89, 0xd0, 0x73, 0xd0  # +0x3290
    .byte 0x85, 0xd2, 0x0f, 0x84, 0xc3, 0x00, 0x00, 0x00, 0x41, 0x89, 0xd0, 0x83, 0xfa, 0x1f, 0x76, 0x2b  # +0x32a0
    .byte 0x4a, 0x8d, 0x14, 0x00, 0x48, 0x83, 0xc2, 0x0a, 0x4e, 0x8d, 0x0c, 0x04, 0x49, 0x83, 0xc1, 0x20  # +0x32b0
    .byte 0x4c, 0x39, 0xc9, 0x41, 0x0f, 0x92, 0xc1, 0x4c, 0x8d, 0x54, 0x24, 0x20, 0x49, 0x39, 0xd2, 0x0f  # +0x32c0
    .byte 0x92, 0xc2, 0x41, 0x84, 0xd1, 0x0f, 0x84, 0x43, 0x16, 0x00, 0x00, 0x4c, 0x89, 0xc2, 0x48, 0x8d  # +0x32d0
    .byte 0x42, 0xff, 0x49, 0x89, 0xd0, 0x49, 0x83, 0xe0, 0x07, 0x74, 0x19, 0x0f, 0x1f, 0x44, 0x00, 0x00  # +0x32e0
    .byte 0x44, 0x0f, 0xb6, 0x4c, 0x14, 0x1f, 0x48, 0xff, 0xca, 0x44, 0x88, 0x09, 0x48, 0xff, 0xc1, 0x49  # +0x32f0
    .byte 0xff, 0xc8, 0x75, 0xec, 0x48, 0x83, 0xf8, 0x07, 0x72, 0x61, 0x48, 0x89, 0xc8, 0x0f, 0x1f, 0x00  # +0x3300
    .byte 0x0f, 0xb6, 0x4c, 0x14, 0x1f, 0x88, 0x08, 0x0f, 0xb6, 0x4c, 0x14, 0x1e, 0x88, 0x48, 0x01, 0x0f  # +0x3310
    .byte 0xb6, 0x4c, 0x14, 0x1d, 0x88, 0x48, 0x02, 0x0f, 0xb6, 0x4c, 0x14, 0x1c, 0x88, 0x48, 0x03, 0x0f  # +0x3320
    .byte 0xb6, 0x4c, 0x14, 0x1b, 0x88, 0x48, 0x04, 0x0f, 0xb6, 0x4c, 0x14, 0x1a, 0x88, 0x48, 0x05, 0x0f  # +0x3330
    .byte 0xb6, 0x4c, 0x14, 0x19, 0x88, 0x48, 0x06, 0x48, 0x8d, 0x48, 0x08, 0x44, 0x0f, 0xb6, 0x44, 0x14  # +0x3340
    .byte 0x18, 0x44, 0x88, 0x40, 0x07, 0x48, 0x89, 0xc8, 0x48, 0x83, 0xc2, 0xf8, 0x75, 0xb2, 0xeb, 0x0b  # +0x3350
    .byte 0xc6, 0x40, 0x0a, 0x30, 0x48, 0x83, 0xc0, 0x0b, 0x48, 0x89, 0xc1, 0xc7, 0x01, 0x20, 0x62, 0x69  # +0x3360
    .byte 0x6e, 0x66, 0xc7, 0x41, 0x04, 0x64, 0x3d, 0x45, 0x8b, 0x44, 0x24, 0x60, 0x45, 0x85, 0xc0, 0x0f  # +0x3370
    .byte 0x84, 0x0b, 0x01, 0x00, 0x00, 0x48, 0x8d, 0x41, 0x06, 0x31, 0xd2, 0x41, 0xb9, 0xcd, 0xcc, 0xcc  # +0x3380
    .byte 0xcc, 0x66, 0x66, 0x66, 0x66, 0x66, 0x66, 0x2e, 0x0f, 0x1f, 0x84, 0x00, 0x00, 0x00, 0x00, 0x00  # +0x3390
    .byte 0x45, 0x89, 0xc2, 0x4d, 0x0f, 0xaf, 0xd1, 0x49, 0xc1, 0xea, 0x23, 0x47, 0x8d, 0x1c, 0x12, 0x47  # +0x33a0
    .byte 0x8d, 0x1c, 0x9b, 0x44, 0x89, 0xc6, 0x44, 0x29, 0xde, 0x40, 0x80, 0xce, 0x30, 0x41, 0x89, 0xd3  # +0x33b0
    .byte 0xff, 0xc2, 0x42, 0x88, 0x74, 0x1c, 0x20, 0x41, 0x83, 0xf8, 0x0a, 0x45, 0x89, 0xd0, 0x73, 0xd0  # +0x33c0
    .byte 0x85, 0xd2, 0x0f, 0x84, 0xc3, 0x00, 0x00, 0x00, 0x41, 0x89, 0xd0, 0x83, 0xfa, 0x1f, 0x76, 0x2b  # +0x33d0
    .byte 0x4a, 0x8d, 0x14, 0x01, 0x48, 0x83, 0xc2, 0x06, 0x4e, 0x8d, 0x0c, 0x04, 0x49, 0x83, 0xc1, 0x20  # +0x33e0
    .byte 0x4c, 0x39, 0xc8, 0x41, 0x0f, 0x92, 0xc1, 0x4c, 0x8d, 0x54, 0x24, 0x20, 0x49, 0x39, 0xd2, 0x0f  # +0x33f0
    .byte 0x92, 0xc2, 0x41, 0x84, 0xd1, 0x0f, 0x84, 0xd3, 0x15, 0x00, 0x00, 0x4c, 0x89, 0xc2, 0x48, 0x8d  # +0x3400
    .byte 0x4a, 0xff, 0x49, 0x89, 0xd0, 0x49, 0x83, 0xe0, 0x07, 0x74, 0x19, 0x0f, 0x1f, 0x44, 0x00, 0x00  # +0x3410
    .byte 0x44, 0x0f, 0xb6, 0x4c, 0x14, 0x1f, 0x48, 0xff, 0xca, 0x44, 0x88, 0x08, 0x48, 0xff, 0xc0, 0x49  # +0x3420
    .byte 0xff, 0xc8, 0x75, 0xec, 0x48, 0x83, 0xf9, 0x07, 0x72, 0x61, 0x48, 0x89, 0xc1, 0x0f, 0x1f, 0x00  # +0x3430
    .byte 0x0f, 0xb6, 0x44, 0x14, 0x1f, 0x88, 0x01, 0x0f, 0xb6, 0x44, 0x14, 0x1e, 0x88, 0x41, 0x01, 0x0f  # +0x3440
    .byte 0xb6, 0x44, 0x14, 0x1d, 0x88, 0x41, 0x02, 0x0f, 0xb6, 0x44, 0x14, 0x1c, 0x88, 0x41, 0x03, 0x0f  # +0x3450
    .byte 0xb6, 0x44, 0x14, 0x1b, 0x88, 0x41, 0x04, 0x0f, 0xb6, 0x44, 0x14, 0x1a, 0x88, 0x41, 0x05, 0x0f  # +0x3460
    .byte 0xb6, 0x44, 0x14, 0x19, 0x88, 0x41, 0x06, 0x48, 0x8d, 0x41, 0x08, 0x44, 0x0f, 0xb6, 0x44, 0x14  # +0x3470
    .byte 0x18, 0x44, 0x88, 0x41, 0x07, 0x48, 0x89, 0xc1, 0x48, 0x83, 0xc2, 0xf8, 0x75, 0xb2, 0xeb, 0x0b  # +0x3480
    .byte 0xc6, 0x41, 0x06, 0x30, 0x48, 0x83, 0xc1, 0x07, 0x48, 0x89, 0xc8, 0x48, 0xb9, 0x20, 0x72, 0x65  # +0x3490
    .byte 0x73, 0x74, 0x6f, 0x72, 0x65, 0x48, 0x89, 0x08, 0xc6, 0x40, 0x08, 0x3d, 0x45, 0x8b, 0x44, 0x24  # +0x34a0
    .byte 0x64, 0x45, 0x85, 0xc0, 0x0f, 0x84, 0x06, 0x01, 0x00, 0x00, 0x48, 0x8d, 0x48, 0x09, 0x31, 0xd2  # +0x34b0
    .byte 0x41, 0xb9, 0xcd, 0xcc, 0xcc, 0xcc, 0x66, 0x2e, 0x0f, 0x1f, 0x84, 0x00, 0x00, 0x00, 0x00, 0x00  # +0x34c0
    .byte 0x45, 0x89, 0xc2, 0x4d, 0x0f, 0xaf, 0xd1, 0x49, 0xc1, 0xea, 0x23, 0x47, 0x8d, 0x1c, 0x12, 0x47  # +0x34d0
    .byte 0x8d, 0x1c, 0x9b, 0x44, 0x89, 0xc6, 0x44, 0x29, 0xde, 0x40, 0x80, 0xce, 0x30, 0x41, 0x89, 0xd3  # +0x34e0
    .byte 0xff, 0xc2, 0x42, 0x88, 0x74, 0x1c, 0x20, 0x41, 0x83, 0xf8, 0x0a, 0x45, 0x89, 0xd0, 0x73, 0xd0  # +0x34f0
    .byte 0x85, 0xd2, 0x0f, 0x84, 0xc3, 0x00, 0x00, 0x00, 0x41, 0x89, 0xd0, 0x83, 0xfa, 0x1f, 0x76, 0x2b  # +0x3500
    .byte 0x4a, 0x8d, 0x14, 0x00, 0x48, 0x83, 0xc2, 0x09, 0x4e, 0x8d, 0x0c, 0x04, 0x49, 0x83, 0xc1, 0x20  # +0x3510
    .byte 0x4c, 0x39, 0xc9, 0x41, 0x0f, 0x92, 0xc1, 0x4c, 0x8d, 0x54, 0x24, 0x20, 0x49, 0x39, 0xd2, 0x0f  # +0x3520
    .byte 0x92, 0xc2, 0x41, 0x84, 0xd1, 0x0f, 0x84, 0x63, 0x15, 0x00, 0x00, 0x4c, 0x89, 0xc2, 0x48, 0x8d  # +0x3530
    .byte 0x42, 0xff, 0x49, 0x89, 0xd0, 0x49, 0x83, 0xe0, 0x07, 0x74, 0x19, 0x0f, 0x1f, 0x44, 0x00, 0x00  # +0x3540
    .byte 0x44, 0x0f, 0xb6, 0x4c, 0x14, 0x1f, 0x48, 0xff, 0xca, 0x44, 0x88, 0x09, 0x48, 0xff, 0xc1, 0x49  # +0x3550
    .byte 0xff, 0xc8, 0x75, 0xec, 0x48, 0x83, 0xf8, 0x07, 0x72, 0x61, 0x48, 0x89, 0xc8, 0x0f, 0x1f, 0x00  # +0x3560
    .byte 0x0f, 0xb6, 0x4c, 0x14, 0x1f, 0x88, 0x08, 0x0f, 0xb6, 0x4c, 0x14, 0x1e, 0x88, 0x48, 0x01, 0x0f  # +0x3570
    .byte 0xb6, 0x4c, 0x14, 0x1d, 0x88, 0x48, 0x02, 0x0f, 0xb6, 0x4c, 0x14, 0x1c, 0x88, 0x48, 0x03, 0x0f  # +0x3580
    .byte 0xb6, 0x4c, 0x14, 0x1b, 0x88, 0x48, 0x04, 0x0f, 0xb6, 0x4c, 0x14, 0x1a, 0x88, 0x48, 0x05, 0x0f  # +0x3590
    .byte 0xb6, 0x4c, 0x14, 0x19, 0x88, 0x48, 0x06, 0x48, 0x8d, 0x48, 0x08, 0x44, 0x0f, 0xb6, 0x44, 0x14  # +0x35a0
    .byte 0x18, 0x44, 0x88, 0x40, 0x07, 0x48, 0x89, 0xc8, 0x48, 0x83, 0xc2, 0xf8, 0x75, 0xb2, 0xeb, 0x0b  # +0x35b0
    .byte 0xc6, 0x40, 0x09, 0x30, 0x48, 0x83, 0xc0, 0x0a, 0x48, 0x89, 0xc1, 0x48, 0xb8, 0x20, 0x72, 0x6f  # +0x35c0
    .byte 0x75, 0x74, 0x65, 0x46, 0x4f, 0x48, 0x89, 0x01, 0xc6, 0x41, 0x08, 0x3d, 0x45, 0x8b, 0x44, 0x24  # +0x35d0
    .byte 0x68, 0x45, 0x85, 0xc0, 0x0f, 0x84, 0x06, 0x01, 0x00, 0x00, 0x48, 0x8d, 0x41, 0x09, 0x31, 0xd2  # +0x35e0
    .byte 0x41, 0xb9, 0xcd, 0xcc, 0xcc, 0xcc, 0x66, 0x2e, 0x0f, 0x1f, 0x84, 0x00, 0x00, 0x00, 0x00, 0x00  # +0x35f0
    .byte 0x45, 0x89, 0xc2, 0x4d, 0x0f, 0xaf, 0xd1, 0x49, 0xc1, 0xea, 0x23, 0x47, 0x8d, 0x1c, 0x12, 0x47  # +0x3600
    .byte 0x8d, 0x1c, 0x9b, 0x44, 0x89, 0xc6, 0x44, 0x29, 0xde, 0x40, 0x80, 0xce, 0x30, 0x41, 0x89, 0xd3  # +0x3610
    .byte 0xff, 0xc2, 0x42, 0x88, 0x74, 0x1c, 0x20, 0x41, 0x83, 0xf8, 0x0a, 0x45, 0x89, 0xd0, 0x73, 0xd0  # +0x3620
    .byte 0x85, 0xd2, 0x0f, 0x84, 0xc3, 0x00, 0x00, 0x00, 0x41, 0x89, 0xd0, 0x83, 0xfa, 0x1f, 0x76, 0x2b  # +0x3630
    .byte 0x4a, 0x8d, 0x14, 0x01, 0x48, 0x83, 0xc2, 0x09, 0x4e, 0x8d, 0x0c, 0x04, 0x49, 0x83, 0xc1, 0x20  # +0x3640
    .byte 0x4c, 0x39, 0xc8, 0x41, 0x0f, 0x92, 0xc1, 0x4c, 0x8d, 0x54, 0x24, 0x20, 0x49, 0x39, 0xd2, 0x0f  # +0x3650
    .byte 0x92, 0xc2, 0x41, 0x84, 0xd1, 0x0f, 0x84, 0xf3, 0x14, 0x00, 0x00, 0x4c, 0x89, 0xc2, 0x48, 0x8d  # +0x3660
    .byte 0x4a, 0xff, 0x49, 0x89, 0xd0, 0x49, 0x83, 0xe0, 0x07, 0x74, 0x19, 0x0f, 0x1f, 0x44, 0x00, 0x00  # +0x3670
    .byte 0x44, 0x0f, 0xb6, 0x4c, 0x14, 0x1f, 0x48, 0xff, 0xca, 0x44, 0x88, 0x08, 0x48, 0xff, 0xc0, 0x49  # +0x3680
    .byte 0xff, 0xc8, 0x75, 0xec, 0x48, 0x83, 0xf9, 0x07, 0x72, 0x61, 0x48, 0x89, 0xc1, 0x0f, 0x1f, 0x00  # +0x3690
    .byte 0x0f, 0xb6, 0x44, 0x14, 0x1f, 0x88, 0x01, 0x0f, 0xb6, 0x44, 0x14, 0x1e, 0x88, 0x41, 0x01, 0x0f  # +0x36a0
    .byte 0xb6, 0x44, 0x14, 0x1d, 0x88, 0x41, 0x02, 0x0f, 0xb6, 0x44, 0x14, 0x1c, 0x88, 0x41, 0x03, 0x0f  # +0x36b0
    .byte 0xb6, 0x44, 0x14, 0x1b, 0x88, 0x41, 0x04, 0x0f, 0xb6, 0x44, 0x14, 0x1a, 0x88, 0x41, 0x05, 0x0f  # +0x36c0
    .byte 0xb6, 0x44, 0x14, 0x19, 0x88, 0x41, 0x06, 0x48, 0x8d, 0x41, 0x08, 0x44, 0x0f, 0xb6, 0x44, 0x14  # +0x36d0
    .byte 0x18, 0x44, 0x88, 0x41, 0x07, 0x48, 0x89, 0xc1, 0x48, 0x83, 0xc2, 0xf8, 0x75, 0xb2, 0xeb, 0x0b  # +0x36e0
    .byte 0xc6, 0x41, 0x09, 0x30, 0x48, 0x83, 0xc1, 0x0a, 0x48, 0x89, 0xc8, 0x48, 0xb9, 0x20, 0x65, 0x6e  # +0x36f0
    .byte 0x64, 0x70, 0x6f, 0x69, 0x6e, 0x48, 0x89, 0x08, 0xc7, 0x40, 0x08, 0x74, 0x46, 0x4f, 0x3d, 0x45  # +0x3700
    .byte 0x8b, 0x44, 0x24, 0x6c, 0x45, 0x85, 0xc0, 0x0f, 0x84, 0x03, 0x01, 0x00, 0x00, 0x48, 0x8d, 0x48  # +0x3710
    .byte 0x0c, 0x31, 0xd2, 0x41, 0xb9, 0xcd, 0xcc, 0xcc, 0xcc, 0x0f, 0x1f, 0x80, 0x00, 0x00, 0x00, 0x00  # +0x3720
    .byte 0x45, 0x89, 0xc2, 0x4d, 0x0f, 0xaf, 0xd1, 0x49, 0xc1, 0xea, 0x23, 0x47, 0x8d, 0x1c, 0x12, 0x47  # +0x3730
    .byte 0x8d, 0x1c, 0x9b, 0x44, 0x89, 0xc6, 0x44, 0x29, 0xde, 0x40, 0x80, 0xce, 0x30, 0x41, 0x89, 0xd3  # +0x3740
    .byte 0xff, 0xc2, 0x42, 0x88, 0x74, 0x1c, 0x20, 0x41, 0x83, 0xf8, 0x0a, 0x45, 0x89, 0xd0, 0x73, 0xd0  # +0x3750
    .byte 0x85, 0xd2, 0x0f, 0x84, 0xc3, 0x00, 0x00, 0x00, 0x41, 0x89, 0xd0, 0x83, 0xfa, 0x1f, 0x76, 0x2b  # +0x3760
    .byte 0x4a, 0x8d, 0x14, 0x00, 0x48, 0x83, 0xc2, 0x0c, 0x4e, 0x8d, 0x0c, 0x04, 0x49, 0x83, 0xc1, 0x20  # +0x3770
    .byte 0x4c, 0x39, 0xc9, 0x41, 0x0f, 0x92, 0xc1, 0x4c, 0x8d, 0x54, 0x24, 0x20, 0x49, 0x39, 0xd2, 0x0f  # +0x3780
    .byte 0x92, 0xc2, 0x41, 0x84, 0xd1, 0x0f, 0x84, 0x83, 0x14, 0x00, 0x00, 0x4c, 0x89, 0xc2, 0x48, 0x8d  # +0x3790
    .byte 0x42, 0xff, 0x49, 0x89, 0xd0, 0x49, 0x83, 0xe0, 0x07, 0x74, 0x19, 0x0f, 0x1f, 0x44, 0x00, 0x00  # +0x37a0
    .byte 0x44, 0x0f, 0xb6, 0x4c, 0x14, 0x1f, 0x48, 0xff, 0xca, 0x44, 0x88, 0x09, 0x48, 0xff, 0xc1, 0x49  # +0x37b0
    .byte 0xff, 0xc8, 0x75, 0xec, 0x48, 0x83, 0xf8, 0x07, 0x72, 0x61, 0x48, 0x89, 0xc8, 0x0f, 0x1f, 0x00  # +0x37c0
    .byte 0x0f, 0xb6, 0x4c, 0x14, 0x1f, 0x88, 0x08, 0x0f, 0xb6, 0x4c, 0x14, 0x1e, 0x88, 0x48, 0x01, 0x0f  # +0x37d0
    .byte 0xb6, 0x4c, 0x14, 0x1d, 0x88, 0x48, 0x02, 0x0f, 0xb6, 0x4c, 0x14, 0x1c, 0x88, 0x48, 0x03, 0x0f  # +0x37e0
    .byte 0xb6, 0x4c, 0x14, 0x1b, 0x88, 0x48, 0x04, 0x0f, 0xb6, 0x4c, 0x14, 0x1a, 0x88, 0x48, 0x05, 0x0f  # +0x37f0
    .byte 0xb6, 0x4c, 0x14, 0x19, 0x88, 0x48, 0x06, 0x48, 0x8d, 0x48, 0x08, 0x44, 0x0f, 0xb6, 0x44, 0x14  # +0x3800
    .byte 0x18, 0x44, 0x88, 0x40, 0x07, 0x48, 0x89, 0xc8, 0x48, 0x83, 0xc2, 0xf8, 0x75, 0xb2, 0xeb, 0x0b  # +0x3810
    .byte 0xc6, 0x40, 0x0c, 0x30, 0x48, 0x83, 0xc0, 0x0d, 0x48, 0x89, 0xc1, 0x48, 0xb8, 0x20, 0x63, 0x61  # +0x3820
    .byte 0x63, 0x68, 0x65, 0x46, 0x4f, 0x48, 0x89, 0x01, 0xc6, 0x41, 0x08, 0x3d, 0x45, 0x8b, 0x44, 0x24  # +0x3830
    .byte 0x70, 0x45, 0x85, 0xc0, 0x0f, 0x84, 0x06, 0x01, 0x00, 0x00, 0x48, 0x8d, 0x51, 0x09, 0x31, 0xc0  # +0x3840
    .byte 0x41, 0xb9, 0xcd, 0xcc, 0xcc, 0xcc, 0x66, 0x2e, 0x0f, 0x1f, 0x84, 0x00, 0x00, 0x00, 0x00, 0x00  # +0x3850
    .byte 0x45, 0x89, 0xc2, 0x4d, 0x0f, 0xaf, 0xd1, 0x49, 0xc1, 0xea, 0x23, 0x47, 0x8d, 0x1c, 0x12, 0x47  # +0x3860
    .byte 0x8d, 0x1c, 0x9b, 0x44, 0x89, 0xc6, 0x44, 0x29, 0xde, 0x40, 0x80, 0xce, 0x30, 0x41, 0x89, 0xc3  # +0x3870
    .byte 0xff, 0xc0, 0x42, 0x88, 0x74, 0x1c, 0x20, 0x41, 0x83, 0xf8, 0x0a, 0x45, 0x89, 0xd0, 0x73, 0xd0  # +0x3880
    .byte 0x85, 0xc0, 0x0f, 0x84, 0xc3, 0x00, 0x00, 0x00, 0x41, 0x89, 0xc0, 0x83, 0xf8, 0x1f, 0x76, 0x2b  # +0x3890
    .byte 0x4a, 0x8d, 0x04, 0x01, 0x48, 0x83, 0xc0, 0x09, 0x4e, 0x8d, 0x0c, 0x04, 0x49, 0x83, 0xc1, 0x20  # +0x38a0
    .byte 0x4c, 0x39, 0xca, 0x41, 0x0f, 0x92, 0xc1, 0x4c, 0x8d, 0x54, 0x24, 0x20, 0x49, 0x39, 0xc2, 0x0f  # +0x38b0
    .byte 0x92, 0xc0, 0x41, 0x84, 0xc1, 0x0f, 0x84, 0x13, 0x14, 0x00, 0x00, 0x4c, 0x89, 0xc0, 0x48, 0x8d  # +0x38c0
    .byte 0x48, 0xff, 0x49, 0x89, 0xc0, 0x49, 0x83, 0xe0, 0x07, 0x74, 0x19, 0x0f, 0x1f, 0x44, 0x00, 0x00  # +0x38d0
    .byte 0x44, 0x0f, 0xb6, 0x4c, 0x04, 0x1f, 0x48, 0xff, 0xc8, 0x44, 0x88, 0x0a, 0x48, 0xff, 0xc2, 0x49  # +0x38e0
    .byte 0xff, 0xc8, 0x75, 0xec, 0x48, 0x83, 0xf9, 0x07, 0x72, 0x61, 0x48, 0x89, 0xd1, 0x0f, 0x1f, 0x00  # +0x38f0
    .byte 0x0f, 0xb6, 0x54, 0x04, 0x1f, 0x88, 0x11, 0x0f, 0xb6, 0x54, 0x04, 0x1e, 0x88, 0x51, 0x01, 0x0f  # +0x3900
    .byte 0xb6, 0x54, 0x04, 0x1d, 0x88, 0x51, 0x02, 0x0f, 0xb6, 0x54, 0x04, 0x1c, 0x88, 0x51, 0x03, 0x0f  # +0x3910
    .byte 0xb6, 0x54, 0x04, 0x1b, 0x88, 0x51, 0x04, 0x0f, 0xb6, 0x54, 0x04, 0x1a, 0x88, 0x51, 0x05, 0x0f  # +0x3920
    .byte 0xb6, 0x54, 0x04, 0x19, 0x88, 0x51, 0x06, 0x48, 0x8d, 0x51, 0x08, 0x44, 0x0f, 0xb6, 0x44, 0x04  # +0x3930
    .byte 0x18, 0x44, 0x88, 0x41, 0x07, 0x48, 0x89, 0xd1, 0x48, 0x83, 0xc0, 0xf8, 0x75, 0xb2, 0xeb, 0x0b  # +0x3940
    .byte 0xc6, 0x41, 0x09, 0x30, 0x48, 0x83, 0xc1, 0x0a, 0x48, 0x89, 0xca, 0xc7, 0x02, 0x20, 0x72, 0x78  # +0x3950
    .byte 0x46, 0x66, 0xc7, 0x42, 0x04, 0x4f, 0x3d, 0x45, 0x8b, 0x44, 0x24, 0x74, 0x45, 0x85, 0xc0, 0x0f  # +0x3960
    .byte 0x84, 0x0b, 0x01, 0x00, 0x00, 0x48, 0x8d, 0x42, 0x06, 0x31, 0xc9, 0x41, 0xb9, 0xcd, 0xcc, 0xcc  # +0x3970
    .byte 0xcc, 0x66, 0x66, 0x66, 0x66, 0x66, 0x66, 0x2e, 0x0f, 0x1f, 0x84, 0x00, 0x00, 0x00, 0x00, 0x00  # +0x3980
    .byte 0x45, 0x89, 0xc2, 0x4d, 0x0f, 0xaf, 0xd1, 0x49, 0xc1, 0xea, 0x23, 0x47, 0x8d, 0x1c, 0x12, 0x47  # +0x3990
    .byte 0x8d, 0x1c, 0x9b, 0x44, 0x89, 0xc6, 0x44, 0x29, 0xde, 0x40, 0x80, 0xce, 0x30, 0x41, 0x89, 0xcb  # +0x39a0
    .byte 0xff, 0xc1, 0x42, 0x88, 0x74, 0x1c, 0x20, 0x41, 0x83, 0xf8, 0x0a, 0x45, 0x89, 0xd0, 0x73, 0xd0  # +0x39b0
    .byte 0x85, 0xc9, 0x0f, 0x84, 0xc3, 0x00, 0x00, 0x00, 0x41, 0x89, 0xc8, 0x83, 0xf9, 0x1f, 0x76, 0x2b  # +0x39c0
    .byte 0x4a, 0x8d, 0x0c, 0x02, 0x48, 0x83, 0xc1, 0x06, 0x4e, 0x8d, 0x0c, 0x04, 0x49, 0x83, 0xc1, 0x20  # +0x39d0
    .byte 0x4c, 0x39, 0xc8, 0x41, 0x0f, 0x92, 0xc1, 0x4c, 0x8d, 0x54, 0x24, 0x20, 0x49, 0x39, 0xca, 0x0f  # +0x39e0
    .byte 0x92, 0xc1, 0x41, 0x84, 0xc9, 0x0f, 0x84, 0xa3, 0x13, 0x00, 0x00, 0x4c, 0x89, 0xc1, 0x48, 0x8d  # +0x39f0
    .byte 0x51, 0xff, 0x49, 0x89, 0xc8, 0x49, 0x83, 0xe0, 0x07, 0x74, 0x19, 0x0f, 0x1f, 0x44, 0x00, 0x00  # +0x3a00
    .byte 0x44, 0x0f, 0xb6, 0x4c, 0x0c, 0x1f, 0x48, 0xff, 0xc9, 0x44, 0x88, 0x08, 0x48, 0xff, 0xc0, 0x49  # +0x3a10
    .byte 0xff, 0xc8, 0x75, 0xec, 0x48, 0x83, 0xfa, 0x07, 0x72, 0x61, 0x48, 0x89, 0xc2, 0x0f, 0x1f, 0x00  # +0x3a20
    .byte 0x0f, 0xb6, 0x44, 0x0c, 0x1f, 0x88, 0x02, 0x0f, 0xb6, 0x44, 0x0c, 0x1e, 0x88, 0x42, 0x01, 0x0f  # +0x3a30
    .byte 0xb6, 0x44, 0x0c, 0x1d, 0x88, 0x42, 0x02, 0x0f, 0xb6, 0x44, 0x0c, 0x1c, 0x88, 0x42, 0x03, 0x0f  # +0x3a40
    .byte 0xb6, 0x44, 0x0c, 0x1b, 0x88, 0x42, 0x04, 0x0f, 0xb6, 0x44, 0x0c, 0x1a, 0x88, 0x42, 0x05, 0x0f  # +0x3a50
    .byte 0xb6, 0x44, 0x0c, 0x19, 0x88, 0x42, 0x06, 0x48, 0x8d, 0x42, 0x08, 0x44, 0x0f, 0xb6, 0x44, 0x0c  # +0x3a60
    .byte 0x18, 0x44, 0x88, 0x42, 0x07, 0x48, 0x89, 0xc2, 0x48, 0x83, 0xc1, 0xf8, 0x75, 0xb2, 0xeb, 0x0b  # +0x3a70
    .byte 0xc6, 0x42, 0x06, 0x30, 0x48, 0x83, 0xc2, 0x07, 0x48, 0x89, 0xd0, 0x48, 0xb9, 0x20, 0x73, 0x74  # +0x3a80
    .byte 0x61, 0x74, 0x65, 0x46, 0x4f, 0x48, 0x89, 0x08, 0xc6, 0x40, 0x08, 0x3d, 0x45, 0x8b, 0x44, 0x24  # +0x3a90
    .byte 0x78, 0x45, 0x85, 0xc0, 0x0f, 0x84, 0x06, 0x01, 0x00, 0x00, 0x48, 0x8d, 0x48, 0x09, 0x31, 0xd2  # +0x3aa0
    .byte 0x41, 0xb9, 0xcd, 0xcc, 0xcc, 0xcc, 0x66, 0x2e, 0x0f, 0x1f, 0x84, 0x00, 0x00, 0x00, 0x00, 0x00  # +0x3ab0
    .byte 0x45, 0x89, 0xc2, 0x4d, 0x0f, 0xaf, 0xd1, 0x49, 0xc1, 0xea, 0x23, 0x47, 0x8d, 0x1c, 0x12, 0x47  # +0x3ac0
    .byte 0x8d, 0x1c, 0x9b, 0x44, 0x89, 0xc6, 0x44, 0x29, 0xde, 0x40, 0x80, 0xce, 0x30, 0x41, 0x89, 0xd3  # +0x3ad0
    .byte 0xff, 0xc2, 0x42, 0x88, 0x74, 0x1c, 0x20, 0x41, 0x83, 0xf8, 0x0a, 0x45, 0x89, 0xd0, 0x73, 0xd0  # +0x3ae0
    .byte 0x85, 0xd2, 0x0f, 0x84, 0xc3, 0x00, 0x00, 0x00, 0x41, 0x89, 0xd0, 0x83, 0xfa, 0x1f, 0x76, 0x2b  # +0x3af0
    .byte 0x4a, 0x8d, 0x14, 0x00, 0x48, 0x83, 0xc2, 0x09, 0x4e, 0x8d, 0x0c, 0x04, 0x49, 0x83, 0xc1, 0x20  # +0x3b00
    .byte 0x4c, 0x39, 0xc9, 0x41, 0x0f, 0x92, 0xc1, 0x4c, 0x8d, 0x54, 0x24, 0x20, 0x49, 0x39, 0xd2, 0x0f  # +0x3b10
    .byte 0x92, 0xc2, 0x41, 0x84, 0xd1, 0x0f, 0x84, 0x33, 0x13, 0x00, 0x00, 0x4c, 0x89, 0xc2, 0x48, 0x8d  # +0x3b20
    .byte 0x42, 0xff, 0x49, 0x89, 0xd0, 0x49, 0x83, 0xe0, 0x07, 0x74, 0x19, 0x0f, 0x1f, 0x44, 0x00, 0x00  # +0x3b30
    .byte 0x44, 0x0f, 0xb6, 0x4c, 0x14, 0x1f, 0x48, 0xff, 0xca, 0x44, 0x88, 0x09, 0x48, 0xff, 0xc1, 0x49  # +0x3b40
    .byte 0xff, 0xc8, 0x75, 0xec, 0x48, 0x83, 0xf8, 0x07, 0x72, 0x61, 0x48, 0x89, 0xc8, 0x0f, 0x1f, 0x00  # +0x3b50
    .byte 0x0f, 0xb6, 0x4c, 0x14, 0x1f, 0x88, 0x08, 0x0f, 0xb6, 0x4c, 0x14, 0x1e, 0x88, 0x48, 0x01, 0x0f  # +0x3b60
    .byte 0xb6, 0x4c, 0x14, 0x1d, 0x88, 0x48, 0x02, 0x0f, 0xb6, 0x4c, 0x14, 0x1c, 0x88, 0x48, 0x03, 0x0f  # +0x3b70
    .byte 0xb6, 0x4c, 0x14, 0x1b, 0x88, 0x48, 0x04, 0x0f, 0xb6, 0x4c, 0x14, 0x1a, 0x88, 0x48, 0x05, 0x0f  # +0x3b80
    .byte 0xb6, 0x4c, 0x14, 0x19, 0x88, 0x48, 0x06, 0x48, 0x8d, 0x48, 0x08, 0x44, 0x0f, 0xb6, 0x44, 0x14  # +0x3b90
    .byte 0x18, 0x44, 0x88, 0x40, 0x07, 0x48, 0x89, 0xc8, 0x48, 0x83, 0xc2, 0xf8, 0x75, 0xb2, 0xeb, 0x0b  # +0x3ba0
    .byte 0xc6, 0x40, 0x09, 0x30, 0x48, 0x83, 0xc0, 0x0a, 0x48, 0x89, 0xc1, 0x48, 0xb8, 0x20, 0x69, 0x64  # +0x3bb0
    .byte 0x4c, 0x65, 0x61, 0x72, 0x6e, 0x48, 0x89, 0x01, 0xc6, 0x41, 0x08, 0x3d, 0x45, 0x8b, 0x44, 0x24  # +0x3bc0
    .byte 0x7c, 0x45, 0x85, 0xc0, 0x0f, 0x84, 0x06, 0x01, 0x00, 0x00, 0x48, 0x8d, 0x41, 0x09, 0x31, 0xd2  # +0x3bd0
    .byte 0x41, 0xb9, 0xcd, 0xcc, 0xcc, 0xcc, 0x66, 0x2e, 0x0f, 0x1f, 0x84, 0x00, 0x00, 0x00, 0x00, 0x00  # +0x3be0
    .byte 0x45, 0x89, 0xc2, 0x4d, 0x0f, 0xaf, 0xd1, 0x49, 0xc1, 0xea, 0x23, 0x47, 0x8d, 0x1c, 0x12, 0x47  # +0x3bf0
    .byte 0x8d, 0x1c, 0x9b, 0x44, 0x89, 0xc6, 0x44, 0x29, 0xde, 0x40, 0x80, 0xce, 0x30, 0x41, 0x89, 0xd3  # +0x3c00
    .byte 0xff, 0xc2, 0x42, 0x88, 0x74, 0x1c, 0x20, 0x41, 0x83, 0xf8, 0x0a, 0x45, 0x89, 0xd0, 0x73, 0xd0  # +0x3c10
    .byte 0x85, 0xd2, 0x0f, 0x84, 0xc3, 0x00, 0x00, 0x00, 0x41, 0x89, 0xd0, 0x83, 0xfa, 0x1f, 0x76, 0x2b  # +0x3c20
    .byte 0x4a, 0x8d, 0x14, 0x01, 0x48, 0x83, 0xc2, 0x09, 0x4e, 0x8d, 0x0c, 0x04, 0x49, 0x83, 0xc1, 0x20  # +0x3c30
    .byte 0x4c, 0x39, 0xc8, 0x41, 0x0f, 0x92, 0xc1, 0x4c, 0x8d, 0x54, 0x24, 0x20, 0x49, 0x39, 0xd2, 0x0f  # +0x3c40
    .byte 0x92, 0xc2, 0x41, 0x84, 0xd1, 0x0f, 0x84, 0xc3, 0x12, 0x00, 0x00, 0x4c, 0x89, 0xc2, 0x48, 0x8d  # +0x3c50
    .byte 0x4a, 0xff, 0x49, 0x89, 0xd0, 0x49, 0x83, 0xe0, 0x07, 0x74, 0x19, 0x0f, 0x1f, 0x44, 0x00, 0x00  # +0x3c60
    .byte 0x44, 0x0f, 0xb6, 0x4c, 0x14, 0x1f, 0x48, 0xff, 0xca, 0x44, 0x88, 0x08, 0x48, 0xff, 0xc0, 0x49  # +0x3c70
    .byte 0xff, 0xc8, 0x75, 0xec, 0x48, 0x83, 0xf9, 0x07, 0x72, 0x61, 0x48, 0x89, 0xc1, 0x0f, 0x1f, 0x00  # +0x3c80
    .byte 0x0f, 0xb6, 0x44, 0x14, 0x1f, 0x88, 0x01, 0x0f, 0xb6, 0x44, 0x14, 0x1e, 0x88, 0x41, 0x01, 0x0f  # +0x3c90
    .byte 0xb6, 0x44, 0x14, 0x1d, 0x88, 0x41, 0x02, 0x0f, 0xb6, 0x44, 0x14, 0x1c, 0x88, 0x41, 0x03, 0x0f  # +0x3ca0
    .byte 0xb6, 0x44, 0x14, 0x1b, 0x88, 0x41, 0x04, 0x0f, 0xb6, 0x44, 0x14, 0x1a, 0x88, 0x41, 0x05, 0x0f  # +0x3cb0
    .byte 0xb6, 0x44, 0x14, 0x19, 0x88, 0x41, 0x06, 0x48, 0x8d, 0x41, 0x08, 0x44, 0x0f, 0xb6, 0x44, 0x14  # +0x3cc0
    .byte 0x18, 0x44, 0x88, 0x41, 0x07, 0x48, 0x89, 0xc1, 0x48, 0x83, 0xc2, 0xf8, 0x75, 0xb2, 0xeb, 0x0b  # +0x3cd0
    .byte 0xc6, 0x41, 0x09, 0x30, 0x48, 0x83, 0xc1, 0x0a, 0x48, 0x89, 0xc8, 0x48, 0xb9, 0x20, 0x69, 0x64  # +0x3ce0
    .byte 0x4d, 0x69, 0x73, 0x6d, 0x61, 0x48, 0x89, 0x08, 0xc7, 0x40, 0x08, 0x74, 0x63, 0x68, 0x3d, 0x45  # +0x3cf0
    .byte 0x8b, 0x84, 0x24, 0x80, 0x00, 0x00, 0x00, 0x45, 0x85, 0xc0, 0x0f, 0x84, 0x00, 0x01, 0x00, 0x00  # +0x3d00
    .byte 0x48, 0x8d, 0x48, 0x0c, 0x31, 0xd2, 0x41, 0xb9, 0xcd, 0xcc, 0xcc, 0xcc, 0x0f, 0x1f, 0x40, 0x00  # +0x3d10
    .byte 0x45, 0x89, 0xc2, 0x4d, 0x0f, 0xaf, 0xd1, 0x49, 0xc1, 0xea, 0x23, 0x47, 0x8d, 0x1c, 0x12, 0x47  # +0x3d20
    .byte 0x8d, 0x1c, 0x9b, 0x44, 0x89, 0xc6, 0x44, 0x29, 0xde, 0x40, 0x80, 0xce, 0x30, 0x41, 0x89, 0xd3  # +0x3d30
    .byte 0xff, 0xc2, 0x42, 0x88, 0x74, 0x1c, 0x20, 0x41, 0x83, 0xf8, 0x0a, 0x45, 0x89, 0xd0, 0x73, 0xd0  # +0x3d40
    .byte 0x85, 0xd2, 0x0f, 0x84, 0xc3, 0x00, 0x00, 0x00, 0x41, 0x89, 0xd0, 0x83, 0xfa, 0x1f, 0x76, 0x2b  # +0x3d50
    .byte 0x4a, 0x8d, 0x14, 0x00, 0x48, 0x83, 0xc2, 0x0c, 0x4e, 0x8d, 0x0c, 0x04, 0x49, 0x83, 0xc1, 0x20  # +0x3d60
    .byte 0x4c, 0x39, 0xc9, 0x41, 0x0f, 0x92, 0xc1, 0x4c, 0x8d, 0x54, 0x24, 0x20, 0x49, 0x39, 0xd2, 0x0f  # +0x3d70
    .byte 0x92, 0xc2, 0x41, 0x84, 0xd1, 0x0f, 0x84, 0x53, 0x12, 0x00, 0x00, 0x4c, 0x89, 0xc2, 0x48, 0x8d  # +0x3d80
    .byte 0x42, 0xff, 0x49, 0x89, 0xd0, 0x49, 0x83, 0xe0, 0x07, 0x74, 0x19, 0x0f, 0x1f, 0x44, 0x00, 0x00  # +0x3d90
    .byte 0x44, 0x0f, 0xb6, 0x4c, 0x14, 0x1f, 0x48, 0xff, 0xca, 0x44, 0x88, 0x09, 0x48, 0xff, 0xc1, 0x49  # +0x3da0
    .byte 0xff, 0xc8, 0x75, 0xec, 0x48, 0x83, 0xf8, 0x07, 0x72, 0x61, 0x48, 0x89, 0xc8, 0x0f, 0x1f, 0x00  # +0x3db0
    .byte 0x0f, 0xb6, 0x4c, 0x14, 0x1f, 0x88, 0x08, 0x0f, 0xb6, 0x4c, 0x14, 0x1e, 0x88, 0x48, 0x01, 0x0f  # +0x3dc0
    .byte 0xb6, 0x4c, 0x14, 0x1d, 0x88, 0x48, 0x02, 0x0f, 0xb6, 0x4c, 0x14, 0x1c, 0x88, 0x48, 0x03, 0x0f  # +0x3dd0
    .byte 0xb6, 0x4c, 0x14, 0x1b, 0x88, 0x48, 0x04, 0x0f, 0xb6, 0x4c, 0x14, 0x1a, 0x88, 0x48, 0x05, 0x0f  # +0x3de0
    .byte 0xb6, 0x4c, 0x14, 0x19, 0x88, 0x48, 0x06, 0x48, 0x8d, 0x48, 0x08, 0x44, 0x0f, 0xb6, 0x44, 0x14  # +0x3df0
    .byte 0x18, 0x44, 0x88, 0x40, 0x07, 0x48, 0x89, 0xc8, 0x48, 0x83, 0xc2, 0xf8, 0x75, 0xb2, 0xeb, 0x0b  # +0x3e00
    .byte 0xc6, 0x40, 0x0c, 0x30, 0x48, 0x83, 0xc0, 0x0d, 0x48, 0x89, 0xc1, 0xc6, 0x01, 0x00, 0x49, 0x8b  # +0x3e10
    .byte 0x8d, 0x08, 0x20, 0x11, 0x00, 0x49, 0x8b, 0x85, 0x10, 0x20, 0x11, 0x00, 0x48, 0x85, 0xc9, 0x0f  # +0x3e20
    .byte 0x95, 0xc2, 0x48, 0x85, 0xc0, 0x41, 0x0f, 0x95, 0xc0, 0x41, 0x20, 0xd0, 0x41, 0x80, 0xf8, 0x01  # +0x3e30
    .byte 0x75, 0x0c, 0x4c, 0x8d, 0x44, 0x24, 0x50, 0xba, 0x03, 0x00, 0x00, 0x00, 0xff, 0xd0, 0x41, 0x8b  # +0x3e40
    .byte 0x44, 0x24, 0x20, 0x85, 0xc0, 0x0f, 0x84, 0x43, 0x01, 0x00, 0x00, 0x4d, 0x8b, 0x74, 0x24, 0x18  # +0x3e50
    .byte 0x4d, 0x85, 0xf6, 0x0f, 0x84, 0x35, 0x01, 0x00, 0x00, 0x49, 0x8b, 0xb5, 0x10, 0xe1, 0x00, 0x00  # +0x3e60
    .byte 0xc7, 0x44, 0x24, 0x50, 0x00, 0x00, 0x00, 0x00, 0x48, 0x85, 0xf6, 0x0f, 0x84, 0x1d, 0x01, 0x00  # +0x3e70
    .byte 0x00, 0x4c, 0x8d, 0x4c, 0x24, 0x50, 0xba, 0x0f, 0x00, 0x00, 0x00, 0x4c, 0x89, 0xf1, 0x41, 0xb8  # +0x3e80
    .byte 0x40, 0x00, 0x00, 0x00, 0xff, 0xd6, 0x85, 0xc0, 0x0f, 0x84, 0x00, 0x01, 0x00, 0x00, 0x41, 0x0f  # +0x3e90
    .byte 0xb6, 0x85, 0x08, 0x23, 0x11, 0x00, 0x41, 0x88, 0x06, 0x41, 0x0f, 0xb6, 0x85, 0x09, 0x23, 0x11  # +0x3ea0
    .byte 0x00, 0x41, 0x88, 0x46, 0x01, 0x41, 0x0f, 0xb6, 0x85, 0x0a, 0x23, 0x11, 0x00, 0x41, 0x88, 0x46  # +0x3eb0
    .byte 0x02, 0x41, 0x0f, 0xb6, 0x85, 0x0b, 0x23, 0x11, 0x00, 0x41, 0x88, 0x46, 0x03, 0x41, 0x0f, 0xb6  # +0x3ec0
    .byte 0x85, 0x0c, 0x23, 0x11, 0x00, 0x41, 0x88, 0x46, 0x04, 0x41, 0x0f, 0xb6, 0x85, 0x0d, 0x23, 0x11  # +0x3ed0
    .byte 0x00, 0x41, 0x88, 0x46, 0x05, 0x41, 0x0f, 0xb6, 0x85, 0x0e, 0x23, 0x11, 0x00, 0x41, 0x88, 0x46  # +0x3ee0
    .byte 0x06, 0x41, 0x0f, 0xb6, 0x85, 0x0f, 0x23, 0x11, 0x00, 0x41, 0x88, 0x46, 0x07, 0x41, 0x0f, 0xb6  # +0x3ef0
    .byte 0x85, 0x10, 0x23, 0x11, 0x00, 0x41, 0x88, 0x46, 0x08, 0x41, 0x0f, 0xb6, 0x85, 0x11, 0x23, 0x11  # +0x3f00
    .byte 0x00, 0x41, 0x88, 0x46, 0x09, 0x41, 0x0f, 0xb6, 0x85, 0x12, 0x23, 0x11, 0x00, 0x41, 0x88, 0x46  # +0x3f10
    .byte 0x0a, 0x41, 0x0f, 0xb6, 0x85, 0x13, 0x23, 0x11, 0x00, 0x41, 0x88, 0x46, 0x0b, 0x41, 0x0f, 0xb6  # +0x3f20
    .byte 0x85, 0x14, 0x23, 0x11, 0x00, 0x41, 0x88, 0x46, 0x0c, 0x41, 0x0f, 0xb6, 0x85, 0x15, 0x23, 0x11  # +0x3f30
    .byte 0x00, 0x41, 0x88, 0x46, 0x0d, 0x41, 0x0f, 0xb6, 0x85, 0x16, 0x23, 0x11, 0x00, 0x41, 0x88, 0x46  # +0x3f40
    .byte 0x0e, 0x49, 0x8b, 0xbd, 0x20, 0xe1, 0x00, 0x00, 0x49, 0x8b, 0x85, 0x28, 0xe1, 0x00, 0x00, 0x48  # +0x3f50
    .byte 0x85, 0xc0, 0x0f, 0x95, 0xc1, 0x48, 0x85, 0xff, 0x0f, 0x95, 0xc2, 0x20, 0xca, 0x80, 0xfa, 0x01  # +0x3f60
    .byte 0x75, 0x10, 0xff, 0xd0, 0x41, 0xb8, 0x0f, 0x00, 0x00, 0x00, 0x48, 0x89, 0xc1, 0x4c, 0x89, 0xf2  # +0x3f70
    .byte 0xff, 0xd7, 0xc7, 0x44, 0x24, 0x20, 0x00, 0x00, 0x00, 0x00, 0x44, 0x8b, 0x44, 0x24, 0x50, 0x4c  # +0x3f80
    .byte 0x8d, 0x4c, 0x24, 0x20, 0xba, 0x0f, 0x00, 0x00, 0x00, 0x4c, 0x89, 0xf1, 0xff, 0xd6, 0x49, 0x8d  # +0x3f90
    .byte 0xb5, 0x88, 0x22, 0x11, 0x00, 0x41, 0xc7, 0x44, 0x24, 0x20, 0x00, 0x00, 0x00, 0x00, 0x49, 0x8b  # +0x3fa0
    .byte 0x7c, 0x24, 0x08, 0x48, 0x85, 0xff, 0x0f, 0x84, 0x92, 0x00, 0x00, 0x00, 0x31, 0xdb, 0xeb, 0x0d  # +0x3fb0
    .byte 0x48, 0x83, 0xc3, 0x20, 0x48, 0x81, 0xfb, 0x00, 0x04, 0x00, 0x00, 0x74, 0x2a, 0x8b, 0x84, 0x1f  # +0x3fc0
    .byte 0xb0, 0x79, 0x00, 0x00, 0x85, 0xc0, 0x74, 0xe8, 0x48, 0x8b, 0x84, 0x1f, 0x98, 0x79, 0x00, 0x00  # +0x3fd0
    .byte 0x48, 0x85, 0xc0, 0x74, 0xdb, 0x48, 0x8b, 0x94, 0x1f, 0x98, 0x79, 0x00, 0x00, 0x4c, 0x89, 0xe9  # +0x3fe0
    .byte 0xe8, 0xeb, 0xd0, 0xff, 0xff, 0xeb, 0xc9, 0x48, 0x8b, 0x3e, 0x48, 0x85, 0xff, 0x74, 0x4f, 0xbb  # +0x3ff0
    .byte 0xac, 0x02, 0x00, 0x00, 0xeb, 0x1e, 0x66, 0x2e, 0x0f, 0x1f, 0x84, 0x00, 0x00, 0x00, 0x00, 0x00  # +0x4000
    .byte 0x48, 0xc7, 0x04, 0xdf, 0x00, 0x00, 0x00, 0x00, 0x48, 0xff, 0xc3, 0x48, 0x81, 0xfb, 0x04, 0x08  # +0x4010
    .byte 0x00, 0x00, 0x74, 0x2a, 0x8b, 0x84, 0x9f, 0x50, 0xf5, 0xff, 0xff, 0x83, 0xf8, 0x02, 0x75, 0xe8  # +0x4020
    .byte 0x48, 0x8b, 0x0c, 0xdf, 0x48, 0x85, 0xc9, 0x74, 0xdf, 0x48, 0x8b, 0x01, 0x48, 0x85, 0xc0, 0x74  # +0x4030
    .byte 0xcf, 0x48, 0x8b, 0x40, 0x10, 0x48, 0x85, 0xc0, 0x74, 0xc6, 0xff, 0xd0, 0xeb, 0xc2, 0x49, 0x8b  # +0x4040
    .byte 0xbd, 0x08, 0xe1, 0x00, 0x00, 0x48, 0x85, 0xff, 0x74, 0x26, 0x49, 0x8b, 0x4c, 0x24, 0x10, 0x48  # +0x4050
    .byte 0x85, 0xc9, 0x74, 0x0a, 0x31, 0xd2, 0x41, 0xb8, 0x00, 0x80, 0x00, 0x00, 0xff, 0xd7, 0x48, 0x8b  # +0x4060
    .byte 0x0e, 0x48, 0x85, 0xc9, 0x74, 0x0a, 0x31, 0xd2, 0x41, 0xb8, 0x00, 0x80, 0x00, 0x00, 0xff, 0xd7  # +0x4070
    .byte 0x66, 0x0f, 0xef, 0xc0, 0xf3, 0x0f, 0x7f, 0x06, 0x49, 0x8b, 0x8d, 0x08, 0x20, 0x11, 0x00, 0x49  # +0x4080
    .byte 0x8b, 0x85, 0x10, 0x20, 0x11, 0x00, 0x48, 0x85, 0xc9, 0x0f, 0x95, 0xc2, 0x48, 0x85, 0xc0, 0x41  # +0x4090
    .byte 0x0f, 0x95, 0xc0, 0x41, 0x20, 0xd0, 0x41, 0x80, 0xf8, 0x01, 0x75, 0x0e, 0x4c, 0x8d, 0x05, 0xcd  # +0x40a0
    .byte 0x33, 0x00, 0x00, 0xba, 0x03, 0x00, 0x00, 0x00, 0xff, 0xd0, 0x49, 0x81, 0xc5, 0x80, 0xb0, 0x10  # +0x40b0
    .byte 0x00, 0x48, 0x8b, 0x4c, 0x24, 0x40, 0x48, 0x8b, 0x54, 0x24, 0x48, 0x41, 0xff, 0xd5, 0x90, 0x48  # +0x40c0
    .byte 0x81, 0xc4, 0x58, 0x01, 0x00, 0x00, 0x5b, 0x5d, 0x5f, 0x5e, 0x41, 0x5c, 0x41, 0x5d, 0x41, 0x5e  # +0x40d0
    .byte 0x41, 0x5f, 0xc3, 0x89, 0xf7, 0x83, 0xe7, 0xe0, 0x41, 0x89, 0xf3, 0x41, 0x83, 0xe3, 0x1f, 0x49  # +0x40e0
    .byte 0x01, 0xfa, 0x4c, 0x8d, 0x34, 0x34, 0x49, 0x83, 0xc6, 0x10, 0x41, 0x89, 0xf4, 0x41, 0x83, 0xe4  # +0x40f0
    .byte 0xe0, 0x31, 0xdb, 0x66, 0x0f, 0xef, 0xc0, 0x66, 0x0f, 0x1f, 0x84, 0x00, 0x00, 0x00, 0x00, 0x00  # +0x4100
    .byte 0xf3, 0x41, 0x0f, 0x6f, 0x4e, 0xf0, 0xf3, 0x41, 0x0f, 0x6f, 0x16, 0x66, 0x0f, 0x6f, 0xda, 0x66  # +0x4110
    .byte 0x0f, 0x60, 0xd8, 0x66, 0x0f, 0x70, 0xdb, 0x4e, 0xf2, 0x0f, 0x70, 0xdb, 0x1b, 0xf3, 0x0f, 0x70  # +0x4120
    .byte 0xdb, 0x1b, 0x66, 0x0f, 0x68, 0xd0, 0x66, 0x0f, 0x70, 0xd2, 0x4e, 0xf2, 0x0f, 0x70, 0xd2, 0x1b  # +0x4130
    .byte 0xf3, 0x0f, 0x70, 0xd2, 0x1b, 0x66, 0x0f, 0x67, 0xd3, 0x66, 0x0f, 0x6f, 0xd9, 0x66, 0x0f, 0x60  # +0x4140
    .byte 0xd8, 0x66, 0x0f, 0x70, 0xdb, 0x4e, 0xf2, 0x0f, 0x70, 0xdb, 0x1b, 0xf3, 0x0f, 0x70, 0xdb, 0x1b  # +0x4150
    .byte 0x66, 0x0f, 0x68, 0xc8, 0x66, 0x0f, 0x70, 0xc9, 0x4e, 0xf2, 0x0f, 0x70, 0xc9, 0x1b, 0xf3, 0x0f  # +0x4160
    .byte 0x70, 0xc9, 0x1b, 0x66, 0x0f, 0x67, 0xcb, 0xf3, 0x41, 0x0f, 0x7f, 0x54, 0x19, 0x03, 0xf3, 0x41  # +0x4170
    .byte 0x0f, 0x7f, 0x4c, 0x19, 0x13, 0x48, 0x83, 0xc3, 0x20, 0x49, 0x83, 0xc6, 0xe0, 0x49, 0x39, 0xdc  # +0x4180
    .byte 0x0f, 0x85, 0x7a, 0xff, 0xff, 0xff, 0x39, 0xf7, 0x4c, 0x8b, 0x64, 0x24, 0x30, 0x0f, 0x85, 0xfb  # +0x4190
    .byte 0xe3, 0xff, 0xff, 0xe9, 0x92, 0xe4, 0xff, 0xff, 0x89, 0xf7, 0x83, 0xe7, 0xe0, 0x41, 0x89, 0xf3  # +0x41a0
    .byte 0x41, 0x83, 0xe3, 0x1f, 0x49, 0x01, 0xf9, 0x4c, 0x8d, 0x34, 0x34, 0x49, 0x83, 0xc6, 0x10, 0x41  # +0x41b0
    .byte 0x89, 0xf4, 0x41, 0x83, 0xe4, 0xe0, 0x31, 0xdb, 0x66, 0x0f, 0xef, 0xc0, 0x0f, 0x1f, 0x40, 0x00  # +0x41c0
    .byte 0xf3, 0x41, 0x0f, 0x6f, 0x4e, 0xf0, 0xf3, 0x41, 0x0f, 0x6f, 0x16, 0x66, 0x0f, 0x6f, 0xda, 0x66  # +0x41d0
    .byte 0x0f, 0x60, 0xd8, 0x66, 0x0f, 0x70, 0xdb, 0x4e, 0xf2, 0x0f, 0x70, 0xdb, 0x1b, 0xf3, 0x0f, 0x70  # +0x41e0
    .byte 0xdb, 0x1b, 0x66, 0x0f, 0x68, 0xd0, 0x66, 0x0f, 0x70, 0xd2, 0x4e, 0xf2, 0x0f, 0x70, 0xd2, 0x1b  # +0x41f0
    .byte 0xf3, 0x0f, 0x70, 0xd2, 0x1b, 0x66, 0x0f, 0x67, 0xd3, 0x66, 0x0f, 0x6f, 0xd9, 0x66, 0x0f, 0x60  # +0x4200
    .byte 0xd8, 0x66, 0x0f, 0x70, 0xdb, 0x4e, 0xf2, 0x0f, 0x70, 0xdb, 0x1b, 0xf3, 0x0f, 0x70, 0xdb, 0x1b  # +0x4210
    .byte 0x66, 0x0f, 0x68, 0xc8, 0x66, 0x0f, 0x70, 0xc9, 0x4e, 0xf2, 0x0f, 0x70, 0xc9, 0x1b, 0xf3, 0x0f  # +0x4220
    .byte 0x70, 0xc9, 0x1b, 0x66, 0x0f, 0x67, 0xcb, 0xf3, 0x41, 0x0f, 0x7f, 0x54, 0x1a, 0x0c, 0xf3, 0x41  # +0x4230
    .byte 0x0f, 0x7f, 0x4c, 0x1a, 0x1c, 0x48, 0x83, 0xc3, 0x20, 0x49, 0x83, 0xc6, 0xe0, 0x49, 0x39, 0xdc  # +0x4240
    .byte 0x0f, 0x85, 0x7a, 0xff, 0xff, 0xff, 0x39, 0xf7, 0x4c, 0x8b, 0x64, 0x24, 0x30, 0x0f, 0x85, 0x7b  # +0x4250
    .byte 0xe4, 0xff, 0xff, 0xe9, 0x12, 0xe5, 0xff, 0xff, 0x44, 0x89, 0xde, 0x83, 0xe6, 0xe0, 0x45, 0x89  # +0x4260
    .byte 0xd8, 0x41, 0x83, 0xe0, 0x1f, 0x49, 0x01, 0xf2, 0x4a, 0x8d, 0x3c, 0x1c, 0x48, 0x83, 0xc7, 0x10  # +0x4270
    .byte 0x45, 0x89, 0xde, 0x41, 0x83, 0xe6, 0xe0, 0x31, 0xdb, 0x66, 0x0f, 0xef, 0xc0, 0x0f, 0x1f, 0x00  # +0x4280
    .byte 0xf3, 0x0f, 0x6f, 0x4f, 0xf0, 0xf3, 0x0f, 0x6f, 0x17, 0x66, 0x0f, 0x6f, 0xda, 0x66, 0x0f, 0x60  # +0x4290
    .byte 0xd8, 0x66, 0x0f, 0x70, 0xdb, 0x4e, 0xf2, 0x0f, 0x70, 0xdb, 0x1b, 0xf3, 0x0f, 0x70, 0xdb, 0x1b  # +0x42a0
    .byte 0x66, 0x0f, 0x68, 0xd0, 0x66, 0x0f, 0x70, 0xd2, 0x4e, 0xf2, 0x0f, 0x70, 0xd2, 0x1b, 0xf3, 0x0f  # +0x42b0
    .byte 0x70, 0xd2, 0x1b, 0x66, 0x0f, 0x67, 0xd3, 0x66, 0x0f, 0x6f, 0xd9, 0x66, 0x0f, 0x60, 0xd8, 0x66  # +0x42c0
    .byte 0x0f, 0x70, 0xdb, 0x4e, 0xf2, 0x0f, 0x70, 0xdb, 0x1b, 0xf3, 0x0f, 0x70, 0xdb, 0x1b, 0x66, 0x0f  # +0x42d0
    .byte 0x68, 0xc8, 0x66, 0x0f, 0x70, 0xc9, 0x4e, 0xf2, 0x0f, 0x70, 0xc9, 0x1b, 0xf3, 0x0f, 0x70, 0xc9  # +0x42e0
    .byte 0x1b, 0x66, 0x0f, 0x67, 0xcb, 0xf3, 0x41, 0x0f, 0x7f, 0x54, 0x19, 0x0f, 0xf3, 0x41, 0x0f, 0x7f  # +0x42f0
    .byte 0x4c, 0x19, 0x1f, 0x48, 0x83, 0xc3, 0x20, 0x48, 0x83, 0xc7, 0xe0, 0x49, 0x39, 0xde, 0x75, 0x80  # +0x4300
    .byte 0x44, 0x39, 0xde, 0x0f, 0x85, 0x01, 0xe5, 0xff, 0xff, 0xe9, 0x9c, 0xe5, 0xff, 0xff, 0x45, 0x89  # +0x4310
    .byte 0xcb, 0x41, 0x83, 0xe3, 0xe0, 0x44, 0x89, 0xca, 0x83, 0xe2, 0x1f, 0x4d, 0x01, 0xd8, 0x4a, 0x8d  # +0x4320
    .byte 0x34, 0x0c, 0x48, 0x83, 0xc6, 0x10, 0x44, 0x89, 0xcf, 0x83, 0xe7, 0xe0, 0x31, 0xdb, 0x66, 0x0f  # +0x4330
    .byte 0xef, 0xc0, 0x66, 0x66, 0x66, 0x66, 0x66, 0x2e, 0x0f, 0x1f, 0x84, 0x00, 0x00, 0x00, 0x00, 0x00  # +0x4340
    .byte 0xf3, 0x0f, 0x6f, 0x4e, 0xf0, 0xf3, 0x0f, 0x6f, 0x16, 0x66, 0x0f, 0x6f, 0xda, 0x66, 0x0f, 0x60  # +0x4350
    .byte 0xd8, 0x66, 0x0f, 0x70, 0xdb, 0x4e, 0xf2, 0x0f, 0x70, 0xdb, 0x1b, 0xf3, 0x0f, 0x70, 0xdb, 0x1b  # +0x4360
    .byte 0x66, 0x0f, 0x68, 0xd0, 0x66, 0x0f, 0x70, 0xd2, 0x4e, 0xf2, 0x0f, 0x70, 0xd2, 0x1b, 0xf3, 0x0f  # +0x4370
    .byte 0x70, 0xd2, 0x1b, 0x66, 0x0f, 0x67, 0xd3, 0x66, 0x0f, 0x6f, 0xd9, 0x66, 0x0f, 0x60, 0xd8, 0x66  # +0x4380
    .byte 0x0f, 0x70, 0xdb, 0x4e, 0xf2, 0x0f, 0x70, 0xdb, 0x1b, 0xf3, 0x0f, 0x70, 0xdb, 0x1b, 0x66, 0x0f  # +0x4390
    .byte 0x68, 0xc8, 0x66, 0x0f, 0x70, 0xc9, 0x4e, 0xf2, 0x0f, 0x70, 0xc9, 0x1b, 0xf3, 0x0f, 0x70, 0xc9  # +0x43a0
    .byte 0x1b, 0x66, 0x0f, 0x67, 0xcb, 0xf3, 0x41, 0x0f, 0x7f, 0x54, 0x1a, 0x07, 0xf3, 0x41, 0x0f, 0x7f  # +0x43b0
    .byte 0x4c, 0x1a, 0x17, 0x48, 0x83, 0xc3, 0x20, 0x48, 0x83, 0xc6, 0xe0, 0x48, 0x39, 0xdf, 0x75, 0x80  # +0x43c0
    .byte 0x45, 0x39, 0xcb, 0x0f, 0x85, 0x7f, 0xe5, 0xff, 0xff, 0xe9, 0x1c, 0xe6, 0xff, 0xff, 0x45, 0x89  # +0x43d0
    .byte 0xca, 0x41, 0x83, 0xe2, 0xe0, 0x44, 0x89, 0xc9, 0x83, 0xe1, 0x1f, 0x4c, 0x01, 0xd2, 0x4e, 0x8d  # +0x43e0
    .byte 0x1c, 0x0c, 0x49, 0x83, 0xc3, 0x10, 0x44, 0x89, 0xce, 0x83, 0xe6, 0xe0, 0x31, 0xff, 0x66, 0x0f  # +0x43f0
    .byte 0xef, 0xc0, 0x66, 0x66, 0x66, 0x66, 0x66, 0x2e, 0x0f, 0x1f, 0x84, 0x00, 0x00, 0x00, 0x00, 0x00  # +0x4400
    .byte 0xf3, 0x41, 0x0f, 0x6f, 0x4b, 0xf0, 0xf3, 0x41, 0x0f, 0x6f, 0x13, 0x66, 0x0f, 0x6f, 0xda, 0x66  # +0x4410
    .byte 0x0f, 0x60, 0xd8, 0x66, 0x0f, 0x70, 0xdb, 0x4e, 0xf2, 0x0f, 0x70, 0xdb, 0x1b, 0xf3, 0x0f, 0x70  # +0x4420
    .byte 0xdb, 0x1b, 0x66, 0x0f, 0x68, 0xd0, 0x66, 0x0f, 0x70, 0xd2, 0x4e, 0xf2, 0x0f, 0x70, 0xd2, 0x1b  # +0x4430
    .byte 0xf3, 0x0f, 0x70, 0xd2, 0x1b, 0x66, 0x0f, 0x67, 0xd3, 0x66, 0x0f, 0x6f, 0xd9, 0x66, 0x0f, 0x60  # +0x4440
    .byte 0xd8, 0x66, 0x0f, 0x70, 0xdb, 0x4e, 0xf2, 0x0f, 0x70, 0xdb, 0x1b, 0xf3, 0x0f, 0x70, 0xdb, 0x1b  # +0x4450
    .byte 0x66, 0x0f, 0x68, 0xc8, 0x66, 0x0f, 0x70, 0xc9, 0x4e, 0xf2, 0x0f, 0x70, 0xc9, 0x1b, 0xf3, 0x0f  # +0x4460
    .byte 0x70, 0xc9, 0x1b, 0x66, 0x0f, 0x67, 0xcb, 0xf3, 0x41, 0x0f, 0x7f, 0x54, 0x38, 0x08, 0xf3, 0x41  # +0x4470
    .byte 0x0f, 0x7f, 0x4c, 0x38, 0x18, 0x48, 0x83, 0xc7, 0x20, 0x49, 0x83, 0xc3, 0xe0, 0x48, 0x39, 0xfe  # +0x4480
    .byte 0x0f, 0x85, 0x7a, 0xff, 0xff, 0xff, 0x45, 0x39, 0xca, 0x0f, 0x85, 0xee, 0xe5, 0xff, 0xff, 0xe9  # +0x4490
    .byte 0x7f, 0xe6, 0xff, 0xff, 0x45, 0x89, 0xc1, 0x41, 0x83, 0xe1, 0xe0, 0x44, 0x89, 0xc0, 0x83, 0xe0  # +0x44a0
    .byte 0x1f, 0x4c, 0x01, 0xc9, 0x4e, 0x8d, 0x14, 0x04, 0x49, 0x83, 0xc2, 0x10, 0x45, 0x89, 0xc3, 0x41  # +0x44b0
    .byte 0x83, 0xe3, 0xe0, 0x31, 0xf6, 0x66, 0x0f, 0xef, 0xc0, 0x0f, 0x1f, 0x80, 0x00, 0x00, 0x00, 0x00  # +0x44c0
    .byte 0xf3, 0x41, 0x0f, 0x6f, 0x4a, 0xf0, 0xf3, 0x41, 0x0f, 0x6f, 0x12, 0x66, 0x0f, 0x6f, 0xda, 0x66  # +0x44d0
    .byte 0x0f, 0x60, 0xd8, 0x66, 0x0f, 0x70, 0xdb, 0x4e, 0xf2, 0x0f, 0x70, 0xdb, 0x1b, 0xf3, 0x0f, 0x70  # +0x44e0
    .byte 0xdb, 0x1b, 0x66, 0x0f, 0x68, 0xd0, 0x66, 0x0f, 0x70, 0xd2, 0x4e, 0xf2, 0x0f, 0x70, 0xd2, 0x1b  # +0x44f0
    .byte 0xf3, 0x0f, 0x70, 0xd2, 0x1b, 0x66, 0x0f, 0x67, 0xd3, 0x66, 0x0f, 0x6f, 0xd9, 0x66, 0x0f, 0x60  # +0x4500
    .byte 0xd8, 0x66, 0x0f, 0x70, 0xdb, 0x4e, 0xf2, 0x0f, 0x70, 0xdb, 0x1b, 0xf3, 0x0f, 0x70, 0xdb, 0x1b  # +0x4510
    .byte 0x66, 0x0f, 0x68, 0xc8, 0x66, 0x0f, 0x70, 0xc9, 0x4e, 0xf2, 0x0f, 0x70, 0xc9, 0x1b, 0xf3, 0x0f  # +0x4520
    .byte 0x70, 0xc9, 0x1b, 0x66, 0x0f, 0x67, 0xcb, 0xf3, 0x0f, 0x7f, 0x54, 0x32, 0x09, 0xf3, 0x0f, 0x7f  # +0x4530
    .byte 0x4c, 0x32, 0x19, 0x48, 0x83, 0xc6, 0x20, 0x49, 0x83, 0xc2, 0xe0, 0x49, 0x39, 0xf3, 0x75, 0x80  # +0x4540
    .byte 0x45, 0x39, 0xc1, 0x0f, 0x85, 0x66, 0xe6, 0xff, 0xff, 0xe9, 0xed, 0xe6, 0xff, 0xff, 0x45, 0x89  # +0x4550
    .byte 0xc1, 0x41, 0x83, 0xe1, 0xe0, 0x44, 0x89, 0xc2, 0x83, 0xe2, 0x1f, 0x4c, 0x01, 0xc8, 0x4e, 0x8d  # +0x4560
    .byte 0x14, 0x04, 0x49, 0x83, 0xc2, 0x10, 0x45, 0x89, 0xc3, 0x41, 0x83, 0xe3, 0xe0, 0x31, 0xf6, 0x66  # +0x4570
    .byte 0x0f, 0xef, 0xc0, 0x66, 0x66, 0x66, 0x66, 0x2e, 0x0f, 0x1f, 0x84, 0x00, 0x00, 0x00, 0x00, 0x00  # +0x4580
    .byte 0xf3, 0x41, 0x0f, 0x6f, 0x4a, 0xf0, 0xf3, 0x41, 0x0f, 0x6f, 0x12, 0x66, 0x0f, 0x6f, 0xda, 0x66  # +0x4590
    .byte 0x0f, 0x60, 0xd8, 0x66, 0x0f, 0x70, 0xdb, 0x4e, 0xf2, 0x0f, 0x70, 0xdb, 0x1b, 0xf3, 0x0f, 0x70  # +0x45a0
    .byte 0xdb, 0x1b, 0x66, 0x0f, 0x68, 0xd0, 0x66, 0x0f, 0x70, 0xd2, 0x4e, 0xf2, 0x0f, 0x70, 0xd2, 0x1b  # +0x45b0
    .byte 0xf3, 0x0f, 0x70, 0xd2, 0x1b, 0x66, 0x0f, 0x67, 0xd3, 0x66, 0x0f, 0x6f, 0xd9, 0x66, 0x0f, 0x60  # +0x45c0
    .byte 0xd8, 0x66, 0x0f, 0x70, 0xdb, 0x4e, 0xf2, 0x0f, 0x70, 0xdb, 0x1b, 0xf3, 0x0f, 0x70, 0xdb, 0x1b  # +0x45d0
    .byte 0x66, 0x0f, 0x68, 0xc8, 0x66, 0x0f, 0x70, 0xc9, 0x4e, 0xf2, 0x0f, 0x70, 0xc9, 0x1b, 0xf3, 0x0f  # +0x45e0
    .byte 0x70, 0xc9, 0x1b, 0x66, 0x0f, 0x67, 0xcb, 0xf3, 0x0f, 0x7f, 0x54, 0x31, 0x09, 0xf3, 0x0f, 0x7f  # +0x45f0
    .byte 0x4c, 0x31, 0x19, 0x48, 0x83, 0xc6, 0x20, 0x49, 0x83, 0xc2, 0xe0, 0x49, 0x39, 0xf3, 0x75, 0x80  # +0x4600
    .byte 0x45, 0x39, 0xc1, 0x0f, 0x85, 0xd5, 0xe6, 0xff, 0xff, 0xe9, 0x5d, 0xe7, 0xff, 0xff, 0x45, 0x89  # +0x4610
    .byte 0xc1, 0x41, 0x83, 0xe1, 0xe0, 0x44, 0x89, 0xc2, 0x83, 0xe2, 0x1f, 0x4c, 0x01, 0xc9, 0x4e, 0x8d  # +0x4620
    .byte 0x14, 0x04, 0x49, 0x83, 0xc2, 0x10, 0x45, 0x89, 0xc3, 0x41, 0x83, 0xe3, 0xe0, 0x31, 0xf6, 0x66  # +0x4630
    .byte 0x0f, 0xef, 0xc0, 0x66, 0x66, 0x66, 0x66, 0x2e, 0x0f, 0x1f, 0x84, 0x00, 0x00, 0x00, 0x00, 0x00  # +0x4640
    .byte 0xf3, 0x41, 0x0f, 0x6f, 0x4a, 0xf0, 0xf3, 0x41, 0x0f, 0x6f, 0x12, 0x66, 0x0f, 0x6f, 0xda, 0x66  # +0x4650
    .byte 0x0f, 0x60, 0xd8, 0x66, 0x0f, 0x70, 0xdb, 0x4e, 0xf2, 0x0f, 0x70, 0xdb, 0x1b, 0xf3, 0x0f, 0x70  # +0x4660
    .byte 0xdb, 0x1b, 0x66, 0x0f, 0x68, 0xd0, 0x66, 0x0f, 0x70, 0xd2, 0x4e, 0xf2, 0x0f, 0x70, 0xd2, 0x1b  # +0x4670
    .byte 0xf3, 0x0f, 0x70, 0xd2, 0x1b, 0x66, 0x0f, 0x67, 0xd3, 0x66, 0x0f, 0x6f, 0xd9, 0x66, 0x0f, 0x60  # +0x4680
    .byte 0xd8, 0x66, 0x0f, 0x70, 0xdb, 0x4e, 0xf2, 0x0f, 0x70, 0xdb, 0x1b, 0xf3, 0x0f, 0x70, 0xdb, 0x1b  # +0x4690
    .byte 0x66, 0x0f, 0x68, 0xc8, 0x66, 0x0f, 0x70, 0xc9, 0x4e, 0xf2, 0x0f, 0x70, 0xc9, 0x1b, 0xf3, 0x0f  # +0x46a0
    .byte 0x70, 0xc9, 0x1b, 0x66, 0x0f, 0x67, 0xcb, 0xf3, 0x0f, 0x7f, 0x54, 0x30, 0x0d, 0xf3, 0x0f, 0x7f  # +0x46b0
    .byte 0x4c, 0x30, 0x1d, 0x48, 0x83, 0xc6, 0x20, 0x49, 0x83, 0xc2, 0xe0, 0x49, 0x39, 0xf3, 0x75, 0x80  # +0x46c0
    .byte 0x45, 0x39, 0xc1, 0x0f, 0x85, 0x45, 0xe7, 0xff, 0xff, 0xe9, 0xcd, 0xe7, 0xff, 0xff, 0x45, 0x89  # +0x46d0
    .byte 0xc1, 0x41, 0x83, 0xe1, 0xe0, 0x44, 0x89, 0xc2, 0x83, 0xe2, 0x1f, 0x4c, 0x01, 0xc8, 0x4e, 0x8d  # +0x46e0
    .byte 0x14, 0x04, 0x49, 0x83, 0xc2, 0x10, 0x45, 0x89, 0xc3, 0x41, 0x83, 0xe3, 0xe0, 0x31, 0xf6, 0x66  # +0x46f0
    .byte 0x0f, 0xef, 0xc0, 0x66, 0x66, 0x66, 0x66, 0x2e, 0x0f, 0x1f, 0x84, 0x00, 0x00, 0x00, 0x00, 0x00  # +0x4700
    .byte 0xf3, 0x41, 0x0f, 0x6f, 0x4a, 0xf0, 0xf3, 0x41, 0x0f, 0x6f, 0x12, 0x66, 0x0f, 0x6f, 0xda, 0x66  # +0x4710
    .byte 0x0f, 0x60, 0xd8, 0x66, 0x0f, 0x70, 0xdb, 0x4e, 0xf2, 0x0f, 0x70, 0xdb, 0x1b, 0xf3, 0x0f, 0x70  # +0x4720
    .byte 0xdb, 0x1b, 0x66, 0x0f, 0x68, 0xd0, 0x66, 0x0f, 0x70, 0xd2, 0x4e, 0xf2, 0x0f, 0x70, 0xd2, 0x1b  # +0x4730
    .byte 0xf3, 0x0f, 0x70, 0xd2, 0x1b, 0x66, 0x0f, 0x67, 0xd3, 0x66, 0x0f, 0x6f, 0xd9, 0x66, 0x0f, 0x60  # +0x4740
    .byte 0xd8, 0x66, 0x0f, 0x70, 0xdb, 0x4e, 0xf2, 0x0f, 0x70, 0xdb, 0x1b, 0xf3, 0x0f, 0x70, 0xdb, 0x1b  # +0x4750
    .byte 0x66, 0x0f, 0x68, 0xc8, 0x66, 0x0f, 0x70, 0xc9, 0x4e, 0xf2, 0x0f, 0x70, 0xc9, 0x1b, 0xf3, 0x0f  # +0x4760
    .byte 0x70, 0xc9, 0x1b, 0x66, 0x0f, 0x67, 0xcb, 0xf3, 0x0f, 0x7f, 0x54, 0x31, 0x0a, 0xf3, 0x0f, 0x7f  # +0x4770
    .byte 0x4c, 0x31, 0x1a, 0x48, 0x83, 0xc6, 0x20, 0x49, 0x83, 0xc2, 0xe0, 0x49, 0x39, 0xf3, 0x75, 0x80  # +0x4780
    .byte 0x45, 0x39, 0xc1, 0x0f, 0x85, 0xb5, 0xe7, 0xff, 0xff, 0xe9, 0x3d, 0xe8, 0xff, 0xff, 0x45, 0x89  # +0x4790
    .byte 0xc1, 0x41, 0x83, 0xe1, 0xe0, 0x44, 0x89, 0xc2, 0x83, 0xe2, 0x1f, 0x4c, 0x01, 0xc9, 0x4e, 0x8d  # +0x47a0
    .byte 0x14, 0x04, 0x49, 0x83, 0xc2, 0x10, 0x45, 0x89, 0xc3, 0x41, 0x83, 0xe3, 0xe0, 0x31, 0xf6, 0x66  # +0x47b0
    .byte 0x0f, 0xef, 0xc0, 0x66, 0x66, 0x66, 0x66, 0x2e, 0x0f, 0x1f, 0x84, 0x00, 0x00, 0x00, 0x00, 0x00  # +0x47c0
    .byte 0xf3, 0x41, 0x0f, 0x6f, 0x4a, 0xf0, 0xf3, 0x41, 0x0f, 0x6f, 0x12, 0x66, 0x0f, 0x6f, 0xda, 0x66  # +0x47d0
    .byte 0x0f, 0x60, 0xd8, 0x66, 0x0f, 0x70, 0xdb, 0x4e, 0xf2, 0x0f, 0x70, 0xdb, 0x1b, 0xf3, 0x0f, 0x70  # +0x47e0
    .byte 0xdb, 0x1b, 0x66, 0x0f, 0x68, 0xd0, 0x66, 0x0f, 0x70, 0xd2, 0x4e, 0xf2, 0x0f, 0x70, 0xd2, 0x1b  # +0x47f0
    .byte 0xf3, 0x0f, 0x70, 0xd2, 0x1b, 0x66, 0x0f, 0x67, 0xd3, 0x66, 0x0f, 0x6f, 0xd9, 0x66, 0x0f, 0x60  # +0x4800
    .byte 0xd8, 0x66, 0x0f, 0x70, 0xdb, 0x4e, 0xf2, 0x0f, 0x70, 0xdb, 0x1b, 0xf3, 0x0f, 0x70, 0xdb, 0x1b  # +0x4810
    .byte 0x66, 0x0f, 0x68, 0xc8, 0x66, 0x0f, 0x70, 0xc9, 0x4e, 0xf2, 0x0f, 0x70, 0xc9, 0x1b, 0xf3, 0x0f  # +0x4820
    .byte 0x70, 0xc9, 0x1b, 0x66, 0x0f, 0x67, 0xcb, 0xf3, 0x0f, 0x7f, 0x54, 0x30, 0x0a, 0xf3, 0x0f, 0x7f  # +0x4830
    .byte 0x4c, 0x30, 0x1a, 0x48, 0x83, 0xc6, 0x20, 0x49, 0x83, 0xc2, 0xe0, 0x49, 0x39, 0xf3, 0x75, 0x80  # +0x4840
    .byte 0x45, 0x39, 0xc1, 0x0f, 0x85, 0x25, 0xe8, 0xff, 0xff, 0xe9, 0xad, 0xe8, 0xff, 0xff, 0x45, 0x89  # +0x4850
    .byte 0xc1, 0x41, 0x83, 0xe1, 0xe0, 0x44, 0x89, 0xc2, 0x83, 0xe2, 0x1f, 0x4c, 0x01, 0xc8, 0x4e, 0x8d  # +0x4860
    .byte 0x14, 0x04, 0x49, 0x83, 0xc2, 0x10, 0x45, 0x89, 0xc3, 0x41, 0x83, 0xe3, 0xe0, 0x31, 0xf6, 0x66  # +0x4870
    .byte 0x0f, 0xef, 0xc0, 0x66, 0x66, 0x66, 0x66, 0x2e, 0x0f, 0x1f, 0x84, 0x00, 0x00, 0x00, 0x00, 0x00  # +0x4880
    .byte 0xf3, 0x41, 0x0f, 0x6f, 0x4a, 0xf0, 0xf3, 0x41, 0x0f, 0x6f, 0x12, 0x66, 0x0f, 0x6f, 0xda, 0x66  # +0x4890
    .byte 0x0f, 0x60, 0xd8, 0x66, 0x0f, 0x70, 0xdb, 0x4e, 0xf2, 0x0f, 0x70, 0xdb, 0x1b, 0xf3, 0x0f, 0x70  # +0x48a0
    .byte 0xdb, 0x1b, 0x66, 0x0f, 0x68, 0xd0, 0x66, 0x0f, 0x70, 0xd2, 0x4e, 0xf2, 0x0f, 0x70, 0xd2, 0x1b  # +0x48b0
    .byte 0xf3, 0x0f, 0x70, 0xd2, 0x1b, 0x66, 0x0f, 0x67, 0xd3, 0x66, 0x0f, 0x6f, 0xd9, 0x66, 0x0f, 0x60  # +0x48c0
    .byte 0xd8, 0x66, 0x0f, 0x70, 0xdb, 0x4e, 0xf2, 0x0f, 0x70, 0xdb, 0x1b, 0xf3, 0x0f, 0x70, 0xdb, 0x1b  # +0x48d0
    .byte 0x66, 0x0f, 0x68, 0xc8, 0x66, 0x0f, 0x70, 0xc9, 0x4e, 0xf2, 0x0f, 0x70, 0xc9, 0x1b, 0xf3, 0x0f  # +0x48e0
    .byte 0x70, 0xc9, 0x1b, 0x66, 0x0f, 0x67, 0xcb, 0xf3, 0x0f, 0x7f, 0x54, 0x31, 0x0a, 0xf3, 0x0f, 0x7f  # +0x48f0
    .byte 0x4c, 0x31, 0x1a, 0x48, 0x83, 0xc6, 0x20, 0x49, 0x83, 0xc2, 0xe0, 0x49, 0x39, 0xf3, 0x75, 0x80  # +0x4900
    .byte 0x45, 0x39, 0xc1, 0x0f, 0x85, 0x95, 0xe8, 0xff, 0xff, 0xe9, 0x1d, 0xe9, 0xff, 0xff, 0x45, 0x89  # +0x4910
    .byte 0xc1, 0x41, 0x83, 0xe1, 0xe0, 0x44, 0x89, 0xc2, 0x83, 0xe2, 0x1f, 0x4c, 0x01, 0xc9, 0x4e, 0x8d  # +0x4920
    .byte 0x14, 0x04, 0x49, 0x83, 0xc2, 0x10, 0x45, 0x89, 0xc3, 0x41, 0x83, 0xe3, 0xe0, 0x31, 0xf6, 0x66  # +0x4930
    .byte 0x0f, 0xef, 0xc0, 0x66, 0x66, 0x66, 0x66, 0x2e, 0x0f, 0x1f, 0x84, 0x00, 0x00, 0x00, 0x00, 0x00  # +0x4940
    .byte 0xf3, 0x41, 0x0f, 0x6f, 0x4a, 0xf0, 0xf3, 0x41, 0x0f, 0x6f, 0x12, 0x66, 0x0f, 0x6f, 0xda, 0x66  # +0x4950
    .byte 0x0f, 0x60, 0xd8, 0x66, 0x0f, 0x70, 0xdb, 0x4e, 0xf2, 0x0f, 0x70, 0xdb, 0x1b, 0xf3, 0x0f, 0x70  # +0x4960
    .byte 0xdb, 0x1b, 0x66, 0x0f, 0x68, 0xd0, 0x66, 0x0f, 0x70, 0xd2, 0x4e, 0xf2, 0x0f, 0x70, 0xd2, 0x1b  # +0x4970
    .byte 0xf3, 0x0f, 0x70, 0xd2, 0x1b, 0x66, 0x0f, 0x67, 0xd3, 0x66, 0x0f, 0x6f, 0xd9, 0x66, 0x0f, 0x60  # +0x4980
    .byte 0xd8, 0x66, 0x0f, 0x70, 0xdb, 0x4e, 0xf2, 0x0f, 0x70, 0xdb, 0x1b, 0xf3, 0x0f, 0x70, 0xdb, 0x1b  # +0x4990
    .byte 0x66, 0x0f, 0x68, 0xc8, 0x66, 0x0f, 0x70, 0xc9, 0x4e, 0xf2, 0x0f, 0x70, 0xc9, 0x1b, 0xf3, 0x0f  # +0x49a0
    .byte 0x70, 0xc9, 0x1b, 0x66, 0x0f, 0x67, 0xcb, 0xf3, 0x0f, 0x7f, 0x54, 0x30, 0x0a, 0xf3, 0x0f, 0x7f  # +0x49b0
    .byte 0x4c, 0x30, 0x1a, 0x48, 0x83, 0xc6, 0x20, 0x49, 0x83, 0xc2, 0xe0, 0x49, 0x39, 0xf3, 0x75, 0x80  # +0x49c0
    .byte 0x45, 0x39, 0xc1, 0x0f, 0x85, 0x05, 0xe9, 0xff, 0xff, 0xe9, 0x8d, 0xe9, 0xff, 0xff, 0x45, 0x89  # +0x49d0
    .byte 0xc1, 0x41, 0x83, 0xe1, 0xe0, 0x44, 0x89, 0xc2, 0x83, 0xe2, 0x1f, 0x4c, 0x01, 0xc8, 0x4e, 0x8d  # +0x49e0
    .byte 0x14, 0x04, 0x49, 0x83, 0xc2, 0x10, 0x45, 0x89, 0xc3, 0x41, 0x83, 0xe3, 0xe0, 0x31, 0xf6, 0x66  # +0x49f0
    .byte 0x0f, 0xef, 0xc0, 0x66, 0x66, 0x66, 0x66, 0x2e, 0x0f, 0x1f, 0x84, 0x00, 0x00, 0x00, 0x00, 0x00  # +0x4a00
    .byte 0xf3, 0x41, 0x0f, 0x6f, 0x4a, 0xf0, 0xf3, 0x41, 0x0f, 0x6f, 0x12, 0x66, 0x0f, 0x6f, 0xda, 0x66  # +0x4a10
    .byte 0x0f, 0x60, 0xd8, 0x66, 0x0f, 0x70, 0xdb, 0x4e, 0xf2, 0x0f, 0x70, 0xdb, 0x1b, 0xf3, 0x0f, 0x70  # +0x4a20
    .byte 0xdb, 0x1b, 0x66, 0x0f, 0x68, 0xd0, 0x66, 0x0f, 0x70, 0xd2, 0x4e, 0xf2, 0x0f, 0x70, 0xd2, 0x1b  # +0x4a30
    .byte 0xf3, 0x0f, 0x70, 0xd2, 0x1b, 0x66, 0x0f, 0x67, 0xd3, 0x66, 0x0f, 0x6f, 0xd9, 0x66, 0x0f, 0x60  # +0x4a40
    .byte 0xd8, 0x66, 0x0f, 0x70, 0xdb, 0x4e, 0xf2, 0x0f, 0x70, 0xdb, 0x1b, 0xf3, 0x0f, 0x70, 0xdb, 0x1b  # +0x4a50
    .byte 0x66, 0x0f, 0x68, 0xc8, 0x66, 0x0f, 0x70, 0xc9, 0x4e, 0xf2, 0x0f, 0x70, 0xc9, 0x1b, 0xf3, 0x0f  # +0x4a60
    .byte 0x70, 0xc9, 0x1b, 0x66, 0x0f, 0x67, 0xcb, 0xf3, 0x0f, 0x7f, 0x54, 0x31, 0x06, 0xf3, 0x0f, 0x7f  # +0x4a70
    .byte 0x4c, 0x31, 0x16, 0x48, 0x83, 0xc6, 0x20, 0x49, 0x83, 0xc2, 0xe0, 0x49, 0x39, 0xf3, 0x75, 0x80  # +0x4a80
    .byte 0x45, 0x39, 0xc1, 0x0f, 0x85, 0x75, 0xe9, 0xff, 0xff, 0xe9, 0xfd, 0xe9, 0xff, 0xff, 0x45, 0x89  # +0x4a90
    .byte 0xc1, 0x41, 0x83, 0xe1, 0xe0, 0x44, 0x89, 0xc2, 0x83, 0xe2, 0x1f, 0x4c, 0x01, 0xc9, 0x4e, 0x8d  # +0x4aa0
    .byte 0x14, 0x04, 0x49, 0x83, 0xc2, 0x10, 0x45, 0x89, 0xc3, 0x41, 0x83, 0xe3, 0xe0, 0x31, 0xf6, 0x66  # +0x4ab0
    .byte 0x0f, 0xef, 0xc0, 0x66, 0x66, 0x66, 0x66, 0x2e, 0x0f, 0x1f, 0x84, 0x00, 0x00, 0x00, 0x00, 0x00  # +0x4ac0
    .byte 0xf3, 0x41, 0x0f, 0x6f, 0x4a, 0xf0, 0xf3, 0x41, 0x0f, 0x6f, 0x12, 0x66, 0x0f, 0x6f, 0xda, 0x66  # +0x4ad0
    .byte 0x0f, 0x60, 0xd8, 0x66, 0x0f, 0x70, 0xdb, 0x4e, 0xf2, 0x0f, 0x70, 0xdb, 0x1b, 0xf3, 0x0f, 0x70  # +0x4ae0
    .byte 0xdb, 0x1b, 0x66, 0x0f, 0x68, 0xd0, 0x66, 0x0f, 0x70, 0xd2, 0x4e, 0xf2, 0x0f, 0x70, 0xd2, 0x1b  # +0x4af0
    .byte 0xf3, 0x0f, 0x70, 0xd2, 0x1b, 0x66, 0x0f, 0x67, 0xd3, 0x66, 0x0f, 0x6f, 0xd9, 0x66, 0x0f, 0x60  # +0x4b00
    .byte 0xd8, 0x66, 0x0f, 0x70, 0xdb, 0x4e, 0xf2, 0x0f, 0x70, 0xdb, 0x1b, 0xf3, 0x0f, 0x70, 0xdb, 0x1b  # +0x4b10
    .byte 0x66, 0x0f, 0x68, 0xc8, 0x66, 0x0f, 0x70, 0xc9, 0x4e, 0xf2, 0x0f, 0x70, 0xc9, 0x1b, 0xf3, 0x0f  # +0x4b20
    .byte 0x70, 0xc9, 0x1b, 0x66, 0x0f, 0x67, 0xcb, 0xf3, 0x0f, 0x7f, 0x54, 0x30, 0x09, 0xf3, 0x0f, 0x7f  # +0x4b30
    .byte 0x4c, 0x30, 0x19, 0x48, 0x83, 0xc6, 0x20, 0x49, 0x83, 0xc2, 0xe0, 0x49, 0x39, 0xf3, 0x75, 0x80  # +0x4b40
    .byte 0x45, 0x39, 0xc1, 0x0f, 0x85, 0xe5, 0xe9, 0xff, 0xff, 0xe9, 0x6d, 0xea, 0xff, 0xff, 0x45, 0x89  # +0x4b50
    .byte 0xc1, 0x41, 0x83, 0xe1, 0xe0, 0x44, 0x89, 0xc2, 0x83, 0xe2, 0x1f, 0x4c, 0x01, 0xc8, 0x4e, 0x8d  # +0x4b60
    .byte 0x14, 0x04, 0x49, 0x83, 0xc2, 0x10, 0x45, 0x89, 0xc3, 0x41, 0x83, 0xe3, 0xe0, 0x31, 0xf6, 0x66  # +0x4b70
    .byte 0x0f, 0xef, 0xc0, 0x66, 0x66, 0x66, 0x66, 0x2e, 0x0f, 0x1f, 0x84, 0x00, 0x00, 0x00, 0x00, 0x00  # +0x4b80
    .byte 0xf3, 0x41, 0x0f, 0x6f, 0x4a, 0xf0, 0xf3, 0x41, 0x0f, 0x6f, 0x12, 0x66, 0x0f, 0x6f, 0xda, 0x66  # +0x4b90
    .byte 0x0f, 0x60, 0xd8, 0x66, 0x0f, 0x70, 0xdb, 0x4e, 0xf2, 0x0f, 0x70, 0xdb, 0x1b, 0xf3, 0x0f, 0x70  # +0x4ba0
    .byte 0xdb, 0x1b, 0x66, 0x0f, 0x68, 0xd0, 0x66, 0x0f, 0x70, 0xd2, 0x4e, 0xf2, 0x0f, 0x70, 0xd2, 0x1b  # +0x4bb0
    .byte 0xf3, 0x0f, 0x70, 0xd2, 0x1b, 0x66, 0x0f, 0x67, 0xd3, 0x66, 0x0f, 0x6f, 0xd9, 0x66, 0x0f, 0x60  # +0x4bc0
    .byte 0xd8, 0x66, 0x0f, 0x70, 0xdb, 0x4e, 0xf2, 0x0f, 0x70, 0xdb, 0x1b, 0xf3, 0x0f, 0x70, 0xdb, 0x1b  # +0x4bd0
    .byte 0x66, 0x0f, 0x68, 0xc8, 0x66, 0x0f, 0x70, 0xc9, 0x4e, 0xf2, 0x0f, 0x70, 0xc9, 0x1b, 0xf3, 0x0f  # +0x4be0
    .byte 0x70, 0xc9, 0x1b, 0x66, 0x0f, 0x67, 0xcb, 0xf3, 0x0f, 0x7f, 0x54, 0x31, 0x09, 0xf3, 0x0f, 0x7f  # +0x4bf0
    .byte 0x4c, 0x31, 0x19, 0x48, 0x83, 0xc6, 0x20, 0x49, 0x83, 0xc2, 0xe0, 0x49, 0x39, 0xf3, 0x75, 0x80  # +0x4c00
    .byte 0x45, 0x39, 0xc1, 0x0f, 0x85, 0x55, 0xea, 0xff, 0xff, 0xe9, 0xdd, 0xea, 0xff, 0xff, 0x45, 0x89  # +0x4c10
    .byte 0xc1, 0x41, 0x83, 0xe1, 0xe0, 0x44, 0x89, 0xc2, 0x83, 0xe2, 0x1f, 0x4c, 0x01, 0xc9, 0x4e, 0x8d  # +0x4c20
    .byte 0x14, 0x04, 0x49, 0x83, 0xc2, 0x10, 0x45, 0x89, 0xc3, 0x41, 0x83, 0xe3, 0xe0, 0x31, 0xf6, 0x66  # +0x4c30
    .byte 0x0f, 0xef, 0xc0, 0x66, 0x66, 0x66, 0x66, 0x2e, 0x0f, 0x1f, 0x84, 0x00, 0x00, 0x00, 0x00, 0x00  # +0x4c40
    .byte 0xf3, 0x41, 0x0f, 0x6f, 0x4a, 0xf0, 0xf3, 0x41, 0x0f, 0x6f, 0x12, 0x66, 0x0f, 0x6f, 0xda, 0x66  # +0x4c50
    .byte 0x0f, 0x60, 0xd8, 0x66, 0x0f, 0x70, 0xdb, 0x4e, 0xf2, 0x0f, 0x70, 0xdb, 0x1b, 0xf3, 0x0f, 0x70  # +0x4c60
    .byte 0xdb, 0x1b, 0x66, 0x0f, 0x68, 0xd0, 0x66, 0x0f, 0x70, 0xd2, 0x4e, 0xf2, 0x0f, 0x70, 0xd2, 0x1b  # +0x4c70
    .byte 0xf3, 0x0f, 0x70, 0xd2, 0x1b, 0x66, 0x0f, 0x67, 0xd3, 0x66, 0x0f, 0x6f, 0xd9, 0x66, 0x0f, 0x60  # +0x4c80
    .byte 0xd8, 0x66, 0x0f, 0x70, 0xdb, 0x4e, 0xf2, 0x0f, 0x70, 0xdb, 0x1b, 0xf3, 0x0f, 0x70, 0xdb, 0x1b  # +0x4c90
    .byte 0x66, 0x0f, 0x68, 0xc8, 0x66, 0x0f, 0x70, 0xc9, 0x4e, 0xf2, 0x0f, 0x70, 0xc9, 0x1b, 0xf3, 0x0f  # +0x4ca0
    .byte 0x70, 0xc9, 0x1b, 0x66, 0x0f, 0x67, 0xcb, 0xf3, 0x0f, 0x7f, 0x54, 0x30, 0x0c, 0xf3, 0x0f, 0x7f  # +0x4cb0
    .byte 0x4c, 0x30, 0x1c, 0x48, 0x83, 0xc6, 0x20, 0x49, 0x83, 0xc2, 0xe0, 0x49, 0x39, 0xf3, 0x75, 0x80  # +0x4cc0
    .byte 0x45, 0x39, 0xc1, 0x0f, 0x85, 0xc5, 0xea, 0xff, 0xff, 0xe9, 0x4d, 0xeb, 0xff, 0xff, 0x45, 0x89  # +0x4cd0
    .byte 0xc1, 0x41, 0x83, 0xe1, 0xe0, 0x44, 0x89, 0xc0, 0x83, 0xe0, 0x1f, 0x4c, 0x01, 0xca, 0x4e, 0x8d  # +0x4ce0
    .byte 0x14, 0x04, 0x49, 0x83, 0xc2, 0x10, 0x45, 0x89, 0xc3, 0x41, 0x83, 0xe3, 0xe0, 0x31, 0xf6, 0x66  # +0x4cf0
    .byte 0x0f, 0xef, 0xc0, 0x66, 0x66, 0x66, 0x66, 0x2e, 0x0f, 0x1f, 0x84, 0x00, 0x00, 0x00, 0x00, 0x00  # +0x4d00
    .byte 0xf3, 0x41, 0x0f, 0x6f, 0x4a, 0xf0, 0xf3, 0x41, 0x0f, 0x6f, 0x12, 0x66, 0x0f, 0x6f, 0xda, 0x66  # +0x4d10
    .byte 0x0f, 0x60, 0xd8, 0x66, 0x0f, 0x70, 0xdb, 0x4e, 0xf2, 0x0f, 0x70, 0xdb, 0x1b, 0xf3, 0x0f, 0x70  # +0x4d20
    .byte 0xdb, 0x1b, 0x66, 0x0f, 0x68, 0xd0, 0x66, 0x0f, 0x70, 0xd2, 0x4e, 0xf2, 0x0f, 0x70, 0xd2, 0x1b  # +0x4d30
    .byte 0xf3, 0x0f, 0x70, 0xd2, 0x1b, 0x66, 0x0f, 0x67, 0xd3, 0x66, 0x0f, 0x6f, 0xd9, 0x66, 0x0f, 0x60  # +0x4d40
    .byte 0xd8, 0x66, 0x0f, 0x70, 0xdb, 0x4e, 0xf2, 0x0f, 0x70, 0xdb, 0x1b, 0xf3, 0x0f, 0x70, 0xdb, 0x1b  # +0x4d50
    .byte 0x66, 0x0f, 0x68, 0xc8, 0x66, 0x0f, 0x70, 0xc9, 0x4e, 0xf2, 0x0f, 0x70, 0xc9, 0x1b, 0xf3, 0x0f  # +0x4d60
    .byte 0x70, 0xc9, 0x1b, 0x66, 0x0f, 0x67, 0xcb, 0xf3, 0x0f, 0x7f, 0x54, 0x31, 0x09, 0xf3, 0x0f, 0x7f  # +0x4d70
    .byte 0x4c, 0x31, 0x19, 0x48, 0x83, 0xc6, 0x20, 0x49, 0x83, 0xc2, 0xe0, 0x49, 0x39, 0xf3, 0x75, 0x80  # +0x4d80
    .byte 0x45, 0x39, 0xc1, 0x0f, 0x85, 0x35, 0xeb, 0xff, 0xff, 0xe9, 0xbd, 0xeb, 0xff, 0xff, 0x45, 0x89  # +0x4d90
    .byte 0xc1, 0x41, 0x83, 0xe1, 0xe0, 0x44, 0x89, 0xc1, 0x83, 0xe1, 0x1f, 0x4c, 0x01, 0xc8, 0x4e, 0x8d  # +0x4da0
    .byte 0x14, 0x04, 0x49, 0x83, 0xc2, 0x10, 0x45, 0x89, 0xc3, 0x41, 0x83, 0xe3, 0xe0, 0x31, 0xf6, 0x66  # +0x4db0
    .byte 0x0f, 0xef, 0xc0, 0x66, 0x66, 0x66, 0x66, 0x2e, 0x0f, 0x1f, 0x84, 0x00, 0x00, 0x00, 0x00, 0x00  # +0x4dc0
    .byte 0xf3, 0x41, 0x0f, 0x6f, 0x4a, 0xf0, 0xf3, 0x41, 0x0f, 0x6f, 0x12, 0x66, 0x0f, 0x6f, 0xda, 0x66  # +0x4dd0
    .byte 0x0f, 0x60, 0xd8, 0x66, 0x0f, 0x70, 0xdb, 0x4e, 0xf2, 0x0f, 0x70, 0xdb, 0x1b, 0xf3, 0x0f, 0x70  # +0x4de0
    .byte 0xdb, 0x1b, 0x66, 0x0f, 0x68, 0xd0, 0x66, 0x0f, 0x70, 0xd2, 0x4e, 0xf2, 0x0f, 0x70, 0xd2, 0x1b  # +0x4df0
    .byte 0xf3, 0x0f, 0x70, 0xd2, 0x1b, 0x66, 0x0f, 0x67, 0xd3, 0x66, 0x0f, 0x6f, 0xd9, 0x66, 0x0f, 0x60  # +0x4e00
    .byte 0xd8, 0x66, 0x0f, 0x70, 0xdb, 0x4e, 0xf2, 0x0f, 0x70, 0xdb, 0x1b, 0xf3, 0x0f, 0x70, 0xdb, 0x1b  # +0x4e10
    .byte 0x66, 0x0f, 0x68, 0xc8, 0x66, 0x0f, 0x70, 0xc9, 0x4e, 0xf2, 0x0f, 0x70, 0xc9, 0x1b, 0xf3, 0x0f  # +0x4e20
    .byte 0x70, 0xc9, 0x1b, 0x66, 0x0f, 0x67, 0xcb, 0xf3, 0x0f, 0x7f, 0x54, 0x32, 0x06, 0xf3, 0x0f, 0x7f  # +0x4e30
    .byte 0x4c, 0x32, 0x16, 0x48, 0x83, 0xc6, 0x20, 0x49, 0x83, 0xc2, 0xe0, 0x49, 0x39, 0xf3, 0x75, 0x80  # +0x4e40
    .byte 0x45, 0x39, 0xc1, 0x0f, 0x85, 0xa5, 0xeb, 0xff, 0xff, 0xe9, 0x2d, 0xec, 0xff, 0xff, 0x45, 0x89  # +0x4e50
    .byte 0xc1, 0x41, 0x83, 0xe1, 0xe0, 0x44, 0x89, 0xc2, 0x83, 0xe2, 0x1f, 0x4c, 0x01, 0xc9, 0x4e, 0x8d  # +0x4e60
    .byte 0x14, 0x04, 0x49, 0x83, 0xc2, 0x10, 0x45, 0x89, 0xc3, 0x41, 0x83, 0xe3, 0xe0, 0x31, 0xf6, 0x66  # +0x4e70
    .byte 0x0f, 0xef, 0xc0, 0x66, 0x66, 0x66, 0x66, 0x2e, 0x0f, 0x1f, 0x84, 0x00, 0x00, 0x00, 0x00, 0x00  # +0x4e80
    .byte 0xf3, 0x41, 0x0f, 0x6f, 0x4a, 0xf0, 0xf3, 0x41, 0x0f, 0x6f, 0x12, 0x66, 0x0f, 0x6f, 0xda, 0x66  # +0x4e90
    .byte 0x0f, 0x60, 0xd8, 0x66, 0x0f, 0x70, 0xdb, 0x4e, 0xf2, 0x0f, 0x70, 0xdb, 0x1b, 0xf3, 0x0f, 0x70  # +0x4ea0
    .byte 0xdb, 0x1b, 0x66, 0x0f, 0x68, 0xd0, 0x66, 0x0f, 0x70, 0xd2, 0x4e, 0xf2, 0x0f, 0x70, 0xd2, 0x1b  # +0x4eb0
    .byte 0xf3, 0x0f, 0x70, 0xd2, 0x1b, 0x66, 0x0f, 0x67, 0xd3, 0x66, 0x0f, 0x6f, 0xd9, 0x66, 0x0f, 0x60  # +0x4ec0
    .byte 0xd8, 0x66, 0x0f, 0x70, 0xdb, 0x4e, 0xf2, 0x0f, 0x70, 0xdb, 0x1b, 0xf3, 0x0f, 0x70, 0xdb, 0x1b  # +0x4ed0
    .byte 0x66, 0x0f, 0x68, 0xc8, 0x66, 0x0f, 0x70, 0xc9, 0x4e, 0xf2, 0x0f, 0x70, 0xc9, 0x1b, 0xf3, 0x0f  # +0x4ee0
    .byte 0x70, 0xc9, 0x1b, 0x66, 0x0f, 0x67, 0xcb, 0xf3, 0x0f, 0x7f, 0x54, 0x30, 0x09, 0xf3, 0x0f, 0x7f  # +0x4ef0
    .byte 0x4c, 0x30, 0x19, 0x48, 0x83, 0xc6, 0x20, 0x49, 0x83, 0xc2, 0xe0, 0x49, 0x39, 0xf3, 0x75, 0x80  # +0x4f00
    .byte 0x45, 0x39, 0xc1, 0x0f, 0x85, 0x15, 0xec, 0xff, 0xff, 0xe9, 0x9d, 0xec, 0xff, 0xff, 0x45, 0x89  # +0x4f10
    .byte 0xc1, 0x41, 0x83, 0xe1, 0xe0, 0x44, 0x89, 0xc2, 0x83, 0xe2, 0x1f, 0x4c, 0x01, 0xc8, 0x4e, 0x8d  # +0x4f20
    .byte 0x14, 0x04, 0x49, 0x83, 0xc2, 0x10, 0x45, 0x89, 0xc3, 0x41, 0x83, 0xe3, 0xe0, 0x31, 0xf6, 0x66  # +0x4f30
    .byte 0x0f, 0xef, 0xc0, 0x66, 0x66, 0x66, 0x66, 0x2e, 0x0f, 0x1f, 0x84, 0x00, 0x00, 0x00, 0x00, 0x00  # +0x4f40
    .byte 0xf3, 0x41, 0x0f, 0x6f, 0x4a, 0xf0, 0xf3, 0x41, 0x0f, 0x6f, 0x12, 0x66, 0x0f, 0x6f, 0xda, 0x66  # +0x4f50
    .byte 0x0f, 0x60, 0xd8, 0x66, 0x0f, 0x70, 0xdb, 0x4e, 0xf2, 0x0f, 0x70, 0xdb, 0x1b, 0xf3, 0x0f, 0x70  # +0x4f60
    .byte 0xdb, 0x1b, 0x66, 0x0f, 0x68, 0xd0, 0x66, 0x0f, 0x70, 0xd2, 0x4e, 0xf2, 0x0f, 0x70, 0xd2, 0x1b  # +0x4f70
    .byte 0xf3, 0x0f, 0x70, 0xd2, 0x1b, 0x66, 0x0f, 0x67, 0xd3, 0x66, 0x0f, 0x6f, 0xd9, 0x66, 0x0f, 0x60  # +0x4f80
    .byte 0xd8, 0x66, 0x0f, 0x70, 0xdb, 0x4e, 0xf2, 0x0f, 0x70, 0xdb, 0x1b, 0xf3, 0x0f, 0x70, 0xdb, 0x1b  # +0x4f90
    .byte 0x66, 0x0f, 0x68, 0xc8, 0x66, 0x0f, 0x70, 0xc9, 0x4e, 0xf2, 0x0f, 0x70, 0xc9, 0x1b, 0xf3, 0x0f  # +0x4fa0
    .byte 0x70, 0xc9, 0x1b, 0x66, 0x0f, 0x67, 0xcb, 0xf3, 0x0f, 0x7f, 0x54, 0x31, 0x09, 0xf3, 0x0f, 0x7f  # +0x4fb0
    .byte 0x4c, 0x31, 0x19, 0x48, 0x83, 0xc6, 0x20, 0x49, 0x83, 0xc2, 0xe0, 0x49, 0x39, 0xf3, 0x75, 0x80  # +0x4fc0
    .byte 0x45, 0x39, 0xc1, 0x0f, 0x85, 0x85, 0xec, 0xff, 0xff, 0xe9, 0x0d, 0xed, 0xff, 0xff, 0x45, 0x89  # +0x4fd0
    .byte 0xc1, 0x41, 0x83, 0xe1, 0xe0, 0x44, 0x89, 0xc2, 0x83, 0xe2, 0x1f, 0x4c, 0x01, 0xc9, 0x4e, 0x8d  # +0x4fe0
    .byte 0x14, 0x04, 0x49, 0x83, 0xc2, 0x10, 0x45, 0x89, 0xc3, 0x41, 0x83, 0xe3, 0xe0, 0x31, 0xf6, 0x66  # +0x4ff0
    .byte 0x0f, 0xef, 0xc0, 0x66, 0x66, 0x66, 0x66, 0x2e, 0x0f, 0x1f, 0x84, 0x00, 0x00, 0x00, 0x00, 0x00  # +0x5000
    .byte 0xf3, 0x41, 0x0f, 0x6f, 0x4a, 0xf0, 0xf3, 0x41, 0x0f, 0x6f, 0x12, 0x66, 0x0f, 0x6f, 0xda, 0x66  # +0x5010
    .byte 0x0f, 0x60, 0xd8, 0x66, 0x0f, 0x70, 0xdb, 0x4e, 0xf2, 0x0f, 0x70, 0xdb, 0x1b, 0xf3, 0x0f, 0x70  # +0x5020
    .byte 0xdb, 0x1b, 0x66, 0x0f, 0x68, 0xd0, 0x66, 0x0f, 0x70, 0xd2, 0x4e, 0xf2, 0x0f, 0x70, 0xd2, 0x1b  # +0x5030
    .byte 0xf3, 0x0f, 0x70, 0xd2, 0x1b, 0x66, 0x0f, 0x67, 0xd3, 0x66, 0x0f, 0x6f, 0xd9, 0x66, 0x0f, 0x60  # +0x5040
    .byte 0xd8, 0x66, 0x0f, 0x70, 0xdb, 0x4e, 0xf2, 0x0f, 0x70, 0xdb, 0x1b, 0xf3, 0x0f, 0x70, 0xdb, 0x1b  # +0x5050
    .byte 0x66, 0x0f, 0x68, 0xc8, 0x66, 0x0f, 0x70, 0xc9, 0x4e, 0xf2, 0x0f, 0x70, 0xc9, 0x1b, 0xf3, 0x0f  # +0x5060
    .byte 0x70, 0xc9, 0x1b, 0x66, 0x0f, 0x67, 0xcb, 0xf3, 0x0f, 0x7f, 0x54, 0x30, 0x0c, 0xf3, 0x0f, 0x7f  # +0x5070
    .byte 0x4c, 0x30, 0x1c, 0x48, 0x83, 0xc6, 0x20, 0x49, 0x83, 0xc2, 0xe0, 0x49, 0x39, 0xf3, 0x75, 0x80  # +0x5080
    .byte 0x45, 0x39, 0xc1, 0x0f, 0x85, 0xf5, 0xec, 0xff, 0xff, 0xe9, 0x7d, 0xed, 0xff, 0xff, 0x00, 0x00  # +0x5090
    .byte 0x00, 0x00, 0x00, 0x00, 0x00, 0x00, 0x00, 0x00, 0x00, 0x00, 0x00, 0x00, 0x00, 0x00, 0x00, 0x00  # +0x50a0
    .byte 0x00, 0x00, 0x00, 0x00, 0x00, 0x00, 0x00, 0x00, 0x00, 0x00, 0x00, 0x00, 0x00, 0x00, 0x00, 0x00  # +0x50b0
    .byte 0x00, 0x00, 0x00, 0x00, 0x00, 0x00, 0x00, 0x00, 0x00, 0x00, 0x00, 0x00, 0x00, 0x00, 0x00, 0x00  # +0x50c0
    .byte 0x00, 0x00, 0x00, 0x00, 0x00, 0x00, 0x00, 0x00, 0x00, 0x00, 0x00, 0x00, 0x00, 0x00, 0x00, 0x00  # +0x50d0
    .byte 0x00, 0x00, 0x00, 0x00, 0x00, 0x00, 0x00, 0x00, 0x00, 0x00, 0x00, 0x00, 0x00, 0x00, 0x00, 0x00  # +0x50e0
    .byte 0x00, 0x00, 0x00, 0x00, 0x00, 0x00, 0x00, 0x00, 0x00, 0x00, 0x00, 0x00, 0x00, 0x00, 0x00, 0x00  # +0x50f0
    .byte 0x00, 0x00, 0x00, 0x00, 0x00, 0x00, 0x00, 0x00, 0x00, 0x00, 0x00, 0x00, 0x00, 0x00, 0x00, 0x00  # +0x5100
    .byte 0x00, 0x00, 0x00, 0x00, 0x00, 0x00, 0x00, 0x00, 0x00, 0x00, 0x00, 0x00, 0x00, 0x00, 0x00, 0x00  # +0x5110
    .byte 0x00, 0x00, 0x00, 0x00, 0x00, 0x00, 0x00, 0x00, 0x00, 0x00, 0x00, 0x00, 0x00, 0x00, 0x00, 0x00  # +0x5120
    .byte 0x00, 0x00, 0x00, 0x00, 0x00, 0x00, 0x00, 0x00, 0x00, 0x00, 0x00, 0x00, 0x00, 0x00, 0x00, 0x00  # +0x5130
    .byte 0x00, 0x00, 0x00, 0x00, 0x00, 0x00, 0x00, 0x00, 0x00, 0x00, 0x00, 0x00, 0x00, 0x00, 0x00, 0x00  # +0x5140
    .byte 0x00, 0x00, 0x00, 0x00, 0x00, 0x00, 0x00, 0x00, 0x00, 0x00, 0x00, 0x00, 0x00, 0x00, 0x00, 0x00  # +0x5150
    .byte 0x00, 0x00, 0x00, 0x00, 0x00, 0x00, 0x00, 0x00, 0x00, 0x00, 0x00, 0x00, 0x00, 0x00, 0x00, 0x00  # +0x5160
    .byte 0x00, 0x00, 0x00, 0x00, 0x00, 0x00, 0x00, 0x00, 0x00, 0x00, 0x00, 0x00, 0x00, 0x00, 0x00, 0x00  # +0x5170
    .byte 0x00, 0x00, 0x00, 0x00, 0x00, 0x00, 0x00, 0x00, 0x00, 0x00, 0x00, 0x00, 0x00, 0x00, 0x00, 0x00  # +0x5180
    .byte 0x00, 0x00, 0x00, 0x00, 0x00, 0x00, 0x00, 0x00, 0x00, 0x00, 0x00, 0x00, 0x00, 0x00, 0x00, 0x00  # +0x5190
    .byte 0x00, 0x00, 0x00, 0x00, 0x00, 0x00, 0x00, 0x00, 0x00, 0x00, 0x00, 0x00, 0x00, 0x00, 0x00, 0x00  # +0x51a0
    .byte 0x00, 0x00, 0x00, 0x00, 0x00, 0x00, 0x00, 0x00, 0x00, 0x00, 0x00, 0x00, 0x00, 0x00, 0x00, 0x00  # +0x51b0
    .byte 0x00, 0x00, 0x00, 0x00, 0x00, 0x00, 0x00, 0x00, 0x00, 0x00, 0x00, 0x00, 0x00, 0x00, 0x00, 0x00  # +0x51c0
    .byte 0x00, 0x00, 0x00, 0x00, 0x00, 0x00, 0x00, 0x00, 0x00, 0x00, 0x00, 0x00, 0x00, 0x00, 0x00, 0x00  # +0x51d0
    .byte 0x00, 0x00, 0x00, 0x00, 0x00, 0x00, 0x00, 0x00, 0x00, 0x00, 0x00, 0x00, 0x00, 0x00, 0x00, 0x00  # +0x51e0
    .byte 0x00, 0x00, 0x00, 0x00, 0x00, 0x00, 0x00, 0x00, 0x00, 0x00, 0x00, 0x00, 0x00, 0x00, 0x00, 0x00  # +0x51f0
    .byte 0x00, 0x00, 0x00, 0x00, 0x00, 0x00, 0x00, 0x00, 0x00, 0x00, 0x00, 0x00, 0x00, 0x00, 0x00, 0x00  # +0x5200
    .byte 0x00, 0x00, 0x00, 0x00, 0x00, 0x00, 0x00, 0x00, 0x00, 0x00, 0x00, 0x00, 0x00, 0x00, 0x00, 0x00  # +0x5210
    .byte 0x00, 0x00, 0x00, 0x00, 0x00, 0x00, 0x00, 0x00, 0x00, 0x00, 0x00, 0x00, 0x00, 0x00, 0x00, 0x00  # +0x5220
    .byte 0x00, 0x00, 0x00, 0x00, 0x00, 0x00, 0x00, 0x00, 0x00, 0x00, 0x00, 0x00, 0x00, 0x00, 0x00, 0x00  # +0x5230
    .byte 0x00, 0x00, 0x00, 0x00, 0x00, 0x00, 0x00, 0x00, 0x00, 0x00, 0x00, 0x00, 0x00, 0x00, 0x00, 0x00  # +0x5240
    .byte 0x00, 0x00, 0x00, 0x00, 0x00, 0x00, 0x00, 0x00, 0x00, 0x00, 0x00, 0x00, 0x00, 0x00, 0x00, 0x00  # +0x5250
    .byte 0x00, 0x00, 0x00, 0x00, 0x00, 0x00, 0x00, 0x00, 0x00, 0x00, 0x00, 0x00, 0x00, 0x00, 0x00, 0x00  # +0x5260
    .byte 0x00, 0x00, 0x00, 0x00, 0x00, 0x00, 0x00, 0x00, 0x00, 0x00, 0x00, 0x00, 0x00, 0x00, 0x00, 0x00  # +0x5270
    .byte 0x00, 0x00, 0x00, 0x00, 0x00, 0x00, 0x00, 0x00, 0x00, 0x00, 0x00, 0x00, 0x00, 0x00, 0x00, 0x00  # +0x5280
    .byte 0x00, 0x00, 0x00, 0x00, 0x00, 0x00, 0x00, 0x00, 0x00, 0x00, 0x00, 0x00, 0x00, 0x00, 0x00, 0x00  # +0x5290
    .byte 0x00, 0x00, 0x00, 0x00, 0x00, 0x00, 0x00, 0x00, 0x00, 0x00, 0x00, 0x00, 0x00, 0x00, 0x00, 0x00  # +0x52a0
    .byte 0x00, 0x00, 0x00, 0x00, 0x00, 0x00, 0x00, 0x00, 0x00, 0x00, 0x00, 0x00, 0x00, 0x00, 0x00, 0x00  # +0x52b0
    .byte 0x00, 0x00, 0x00, 0x00, 0x00, 0x00, 0x00, 0x00, 0x00, 0x00, 0x00, 0x00, 0x00, 0x00, 0x00, 0x00  # +0x52c0
    .byte 0x00, 0x00, 0x00, 0x00, 0x00, 0x00, 0x00, 0x00, 0x00, 0x00, 0x00, 0x00, 0x00, 0x00, 0x00, 0x00  # +0x52d0
    .byte 0x00, 0x00, 0x00, 0x00, 0x00, 0x00, 0x00, 0x00, 0x00, 0x00, 0x00, 0x00, 0x00, 0x00, 0x00, 0x00  # +0x52e0
    .byte 0x00, 0x00, 0x00, 0x00, 0x00, 0x00, 0x00, 0x00, 0x00, 0x00, 0x00, 0x00, 0x00, 0x00, 0x00, 0x00  # +0x52f0
    .byte 0x00, 0x00, 0x00, 0x00, 0x00, 0x00, 0x00, 0x00, 0x00, 0x00, 0x00, 0x00, 0x00, 0x00, 0x00, 0x00  # +0x5300
    .byte 0x00, 0x00, 0x00, 0x00, 0x00, 0x00, 0x00, 0x00, 0x00, 0x00, 0x00, 0x00, 0x00, 0x00, 0x00, 0x00  # +0x5310
    .byte 0x00, 0x00, 0x00, 0x00, 0x00, 0x00, 0x00, 0x00, 0x00, 0x00, 0x00, 0x00, 0x00, 0x00, 0x00, 0x00  # +0x5320
    .byte 0x00, 0x00, 0x00, 0x00, 0x00, 0x00, 0x00, 0x00, 0x00, 0x00, 0x00, 0x00, 0x00, 0x00, 0x00, 0x00  # +0x5330
    .byte 0x00, 0x00, 0x00, 0x00, 0x00, 0x00, 0x00, 0x00, 0x00, 0x00, 0x00, 0x00, 0x00, 0x00, 0x00, 0x00  # +0x5340
    .byte 0x00, 0x00, 0x00, 0x00, 0x00, 0x00, 0x00, 0x00, 0x00, 0x00, 0x00, 0x00, 0x00, 0x00, 0x00, 0x00  # +0x5350
    .byte 0x00, 0x00, 0x00, 0x00, 0x00, 0x00, 0x00, 0x00, 0x00, 0x00, 0x00, 0x00, 0x00, 0x00, 0x00, 0x00  # +0x5360
    .byte 0x00, 0x00, 0x00, 0x00, 0x00, 0x00, 0x00, 0x00, 0x00, 0x00, 0x00, 0x00, 0x00, 0x00, 0x00, 0x00  # +0x5370
    .byte 0x00, 0x00, 0x00, 0x00, 0x00, 0x00, 0x00, 0x00, 0x00, 0x00, 0x00, 0x00, 0x00, 0x00, 0x00, 0x00  # +0x5380
    .byte 0x00, 0x00, 0x00, 0x00, 0x00, 0x00, 0x00, 0x00, 0x00, 0x00, 0x00, 0x00, 0x00, 0x00, 0x00, 0x00  # +0x5390
    .byte 0x00, 0x00, 0x00, 0x00, 0x00, 0x00, 0x00, 0x00, 0x00, 0x00, 0x00, 0x00, 0x00, 0x00, 0x00, 0x00  # +0x53a0
    .byte 0x00, 0x00, 0x00, 0x00, 0x00, 0x00, 0x00, 0x00, 0x00, 0x00, 0x00, 0x00, 0x00, 0x00, 0x00, 0x00  # +0x53b0
    .byte 0x00, 0x00, 0x00, 0x00, 0x00, 0x00, 0x00, 0x00, 0x00, 0x00, 0x00, 0x00, 0x00, 0x00, 0x00, 0x00  # +0x53c0
    .byte 0x00, 0x00, 0x00, 0x00, 0x00, 0x00, 0x00, 0x00, 0x00, 0x00, 0x00, 0x00, 0x00, 0x00, 0x00, 0x00  # +0x53d0
    .byte 0x00, 0x00, 0x00, 0x00, 0x00, 0x00, 0x00, 0x00, 0x00, 0x00, 0x00, 0x00, 0x00, 0x00, 0x00, 0x00  # +0x53e0
    .byte 0x00, 0x00, 0x00, 0x00, 0x00, 0x00, 0x00, 0x00, 0x00, 0x00, 0x00, 0x00, 0x00, 0x00, 0x00, 0x00  # +0x53f0
    .byte 0x00, 0x00, 0x00, 0x00, 0x00, 0x00, 0x00, 0x00, 0x00, 0x00, 0x00, 0x00, 0x00, 0x00, 0x00, 0x00  # +0x5400
    .byte 0x00, 0x00, 0x00, 0x00, 0x00, 0x00, 0x00, 0x00, 0x00, 0x00, 0x00, 0x00, 0x00, 0x00, 0x00, 0x00  # +0x5410
    .byte 0x00, 0x00, 0x00, 0x00, 0x00, 0x00, 0x00, 0x00, 0x00, 0x00, 0x00, 0x00, 0x00, 0x00, 0x00, 0x00  # +0x5420
    .byte 0x00, 0x00, 0x00, 0x00, 0x00, 0x00, 0x00, 0x00, 0x00, 0x00, 0x00, 0x00, 0x00, 0x00, 0x00, 0x00  # +0x5430
    .byte 0x00, 0x00, 0x00, 0x00, 0x00, 0x00, 0x00, 0x00, 0x00, 0x00, 0x00, 0x00, 0x00, 0x00, 0x00, 0x00  # +0x5440
    .byte 0x00, 0x00, 0x00, 0x00, 0x00, 0x00, 0x00, 0x00, 0x00, 0x00, 0x00, 0x00, 0x00, 0x00, 0x00, 0x00  # +0x5450
    .byte 0x00, 0x00, 0x00, 0x00, 0x00, 0x00, 0x00, 0x00, 0x00, 0x00, 0x00, 0x00, 0x00, 0x00, 0x00, 0x00  # +0x5460
    .byte 0x00, 0x00, 0x00, 0x00, 0x00, 0x00, 0x00, 0x00, 0x00, 0x00, 0x00, 0x00, 0x00, 0x00, 0x00, 0x00  # +0x5470
    .byte 0x00, 0x00, 0x00, 0x00, 0x00, 0x00, 0x00, 0x00, 0x00, 0x00, 0x00, 0x00, 0x00, 0x00, 0x00, 0x00  # +0x5480
    .byte 0x00, 0x00, 0x00, 0x00, 0x00, 0x00, 0x00, 0x00, 0x00, 0x00, 0x00, 0x00, 0x00, 0x00, 0x00, 0x00  # +0x5490
    .byte 0x00, 0x00, 0x00, 0x00, 0x00, 0x00, 0x00, 0x00, 0x00, 0x00, 0x00, 0x00, 0x00, 0x00, 0x00, 0x00  # +0x54a0
    .byte 0x00, 0x00, 0x00, 0x00, 0x00, 0x00, 0x00, 0x00, 0x00, 0x00, 0x00, 0x00, 0x00, 0x00, 0x00, 0x00  # +0x54b0
    .byte 0x00, 0x00, 0x00, 0x00, 0x00, 0x00, 0x00, 0x00, 0x00, 0x00, 0x00, 0x00, 0x00, 0x00, 0x00, 0x00  # +0x54c0
    .byte 0x00, 0x00, 0x00, 0x00, 0x00, 0x00, 0x00, 0x00, 0x00, 0x00, 0x00, 0x00, 0x00, 0x00, 0x00, 0x00  # +0x54d0
    .byte 0x00, 0x00, 0x00, 0x00, 0x00, 0x00, 0x00, 0x00, 0x00, 0x00, 0x00, 0x00, 0x00, 0x00, 0x00, 0x00  # +0x54e0
    .byte 0x00, 0x00, 0x00, 0x00, 0x00, 0x00, 0x00, 0x00, 0x00, 0x00, 0x00, 0x00, 0x00, 0x00, 0x00, 0x00  # +0x54f0
    .byte 0x00, 0x00, 0x00, 0x00, 0x00, 0x00, 0x00, 0x00, 0x00, 0x00, 0x00, 0x00, 0x00, 0x00, 0x00, 0x00  # +0x5500
    .byte 0x00, 0x00, 0x00, 0x00, 0x00, 0x00, 0x00, 0x00, 0x00, 0x00, 0x00, 0x00, 0x00, 0x00, 0x00, 0x00  # +0x5510
    .byte 0x00, 0x00, 0x00, 0x00, 0x00, 0x00, 0x00, 0x00, 0x00, 0x00, 0x00, 0x00, 0x00, 0x00, 0x00, 0x00  # +0x5520
    .byte 0x00, 0x00, 0x00, 0x00, 0x00, 0x00, 0x00, 0x00, 0x00, 0x00, 0x00, 0x00, 0x00, 0x00, 0x00, 0x00  # +0x5530
    .byte 0x00, 0x00, 0x00, 0x00, 0x00, 0x00, 0x00, 0x00, 0x00, 0x00, 0x00, 0x00, 0x00, 0x00, 0x00, 0x00  # +0x5540
    .byte 0x00, 0x00, 0x00, 0x00, 0x00, 0x00, 0x00, 0x00, 0x00, 0x00, 0x00, 0x00, 0x00, 0x00, 0x00, 0x00  # +0x5550
    .byte 0x00, 0x00, 0x00, 0x00, 0x00, 0x00, 0x00, 0x00, 0x00, 0x00, 0x00, 0x00, 0x00, 0x00, 0x00, 0x00  # +0x5560
    .byte 0x00, 0x00, 0x00, 0x00, 0x00, 0x00, 0x00, 0x00, 0x00, 0x00, 0x00, 0x00, 0x00, 0x00, 0x00, 0x00  # +0x5570
    .byte 0x00, 0x00, 0x00, 0x00, 0x00, 0x00, 0x00, 0x00, 0x00, 0x00, 0x00, 0x00, 0x00, 0x00, 0x00, 0x00  # +0x5580
    .byte 0x00, 0x00, 0x00, 0x00, 0x00, 0x00, 0x00, 0x00, 0x00, 0x00, 0x00, 0x00, 0x00, 0x00, 0x00, 0x00  # +0x5590
    .byte 0x00, 0x00, 0x00, 0x00, 0x00, 0x00, 0x00, 0x00, 0x00, 0x00, 0x00, 0x00, 0x00, 0x00, 0x00, 0x00  # +0x55a0
    .byte 0x00, 0x00, 0x00, 0x00, 0x00, 0x00, 0x00, 0x00, 0x00, 0x00, 0x00, 0x00, 0x00, 0x00, 0x00, 0x00  # +0x55b0
    .byte 0x00, 0x00, 0x00, 0x00, 0x00, 0x00, 0x00, 0x00, 0x00, 0x00, 0x00, 0x00, 0x00, 0x00, 0x00, 0x00  # +0x55c0
    .byte 0x00, 0x00, 0x00, 0x00, 0x00, 0x00, 0x00, 0x00, 0x00, 0x00, 0x00, 0x00, 0x00, 0x00, 0x00, 0x00  # +0x55d0
    .byte 0x00, 0x00, 0x00, 0x00, 0x00, 0x00, 0x00, 0x00, 0x00, 0x00, 0x00, 0x00, 0x00, 0x00, 0x00, 0x00  # +0x55e0
    .byte 0x00, 0x00, 0x00, 0x00, 0x00, 0x00, 0x00, 0x00, 0x00, 0x00, 0x00, 0x00, 0x00, 0x00, 0x00, 0x00  # +0x55f0
    .byte 0x00, 0x00, 0x00, 0x00, 0x00, 0x00, 0x00, 0x00, 0x00, 0x00, 0x00, 0x00, 0x00, 0x00, 0x00, 0x00  # +0x5600
    .byte 0x00, 0x00, 0x00, 0x00, 0x00, 0x00, 0x00, 0x00, 0x00, 0x00, 0x00, 0x00, 0x00, 0x00, 0x00, 0x00  # +0x5610
    .byte 0x00, 0x00, 0x00, 0x00, 0x00, 0x00, 0x00, 0x00, 0x00, 0x00, 0x00, 0x00, 0x00, 0x00, 0x00, 0x00  # +0x5620
    .byte 0x00, 0x00, 0x00, 0x00, 0x00, 0x00, 0x00, 0x00, 0x00, 0x00, 0x00, 0x00, 0x00, 0x00, 0x00, 0x00  # +0x5630
    .byte 0x00, 0x00, 0x00, 0x00, 0x00, 0x00, 0x00, 0x00, 0x00, 0x00, 0x00, 0x00, 0x00, 0x00, 0x00, 0x00  # +0x5640
    .byte 0x00, 0x00, 0x00, 0x00, 0x00, 0x00, 0x00, 0x00, 0x00, 0x00, 0x00, 0x00, 0x00, 0x00, 0x00, 0x00  # +0x5650
    .byte 0x00, 0x00, 0x00, 0x00, 0x00, 0x00, 0x00, 0x00, 0x00, 0x00, 0x00, 0x00, 0x00, 0x00, 0x00, 0x00  # +0x5660
    .byte 0x00, 0x00, 0x00, 0x00, 0x00, 0x00, 0x00, 0x00, 0x00, 0x00, 0x00, 0x00, 0x00, 0x00, 0x00, 0x00  # +0x5670
    .byte 0x00, 0x00, 0x00, 0x00, 0x00, 0x00, 0x00, 0x00, 0x00, 0x00, 0x00, 0x00, 0x00, 0x00, 0x00, 0x00  # +0x5680
    .byte 0x00, 0x00, 0x00, 0x00, 0x00, 0x00, 0x00, 0x00, 0x00, 0x00, 0x00, 0x00, 0x00, 0x00, 0x00, 0x00  # +0x5690
    .byte 0x00, 0x00, 0x00, 0x00, 0x00, 0x00, 0x00, 0x00, 0x00, 0x00, 0x00, 0x00, 0x00, 0x00, 0x00, 0x00  # +0x56a0
    .byte 0x00, 0x00, 0x00, 0x00, 0x00, 0x00, 0x00, 0x00, 0x00, 0x00, 0x00, 0x00, 0x00, 0x00, 0x00, 0x00  # +0x56b0
    .byte 0x00, 0x00, 0x00, 0x00, 0x00, 0x00, 0x00, 0x00, 0x00, 0x00, 0x00, 0x00, 0x00, 0x00, 0x00, 0x00  # +0x56c0
    .byte 0x00, 0x00, 0x00, 0x00, 0x00, 0x00, 0x00, 0x00, 0x00, 0x00, 0x00, 0x00, 0x00, 0x00, 0x00, 0x00  # +0x56d0
    .byte 0x00, 0x00, 0x00, 0x00, 0x00, 0x00, 0x00, 0x00, 0x00, 0x00, 0x00, 0x00, 0x00, 0x00, 0x00, 0x00  # +0x56e0
    .byte 0x00, 0x00, 0x00, 0x00, 0x00, 0x00, 0x00, 0x00, 0x00, 0x00, 0x00, 0x00, 0x00, 0x00, 0x00, 0x00  # +0x56f0
    .byte 0x00, 0x00, 0x00, 0x00, 0x00, 0x00, 0x00, 0x00, 0x00, 0x00, 0x00, 0x00, 0x00, 0x00, 0x00, 0x00  # +0x5700
    .byte 0x00, 0x00, 0x00, 0x00, 0x00, 0x00, 0x00, 0x00, 0x00, 0x00, 0x00, 0x00, 0x00, 0x00, 0x00, 0x00  # +0x5710
    .byte 0x00, 0x00, 0x00, 0x00, 0x00, 0x00, 0x00, 0x00, 0x00, 0x00, 0x00, 0x00, 0x00, 0x00, 0x00, 0x00  # +0x5720
    .byte 0x00, 0x00, 0x00, 0x00, 0x00, 0x00, 0x00, 0x00, 0x00, 0x00, 0x00, 0x00, 0x00, 0x00, 0x00, 0x00  # +0x5730
    .byte 0x00, 0x00, 0x00, 0x00, 0x00, 0x00, 0x00, 0x00, 0x00, 0x00, 0x00, 0x00, 0x00, 0x00, 0x00, 0x00  # +0x5740
    .byte 0x00, 0x00, 0x00, 0x00, 0x00, 0x00, 0x00, 0x00, 0x00, 0x00, 0x00, 0x00, 0x00, 0x00, 0x00, 0x00  # +0x5750
    .byte 0x00, 0x00, 0x00, 0x00, 0x00, 0x00, 0x00, 0x00, 0x00, 0x00, 0x00, 0x00, 0x00, 0x00, 0x00, 0x00  # +0x5760
    .byte 0x00, 0x00, 0x00, 0x00, 0x00, 0x00, 0x00, 0x00, 0x00, 0x00, 0x00, 0x00, 0x00, 0x00, 0x00, 0x00  # +0x5770
    .byte 0x00, 0x00, 0x00, 0x00, 0x00, 0x00, 0x00, 0x00, 0x00, 0x00, 0x00, 0x00, 0x00, 0x00, 0x00, 0x00  # +0x5780
    .byte 0x00, 0x00, 0x00, 0x00, 0x00, 0x00, 0x00, 0x00, 0x00, 0x00, 0x00, 0x00, 0x00, 0x00, 0x00, 0x00  # +0x5790
    .byte 0x00, 0x00, 0x00, 0x00, 0x00, 0x00, 0x00, 0x00, 0x00, 0x00, 0x00, 0x00, 0x00, 0x00, 0x00, 0x00  # +0x57a0
    .byte 0x00, 0x00, 0x00, 0x00, 0x00, 0x00, 0x00, 0x00, 0x00, 0x00, 0x00, 0x00, 0x00, 0x00, 0x00, 0x00  # +0x57b0
    .byte 0x00, 0x00, 0x00, 0x00, 0x00, 0x00, 0x00, 0x00, 0x00, 0x00, 0x00, 0x00, 0x00, 0x00, 0x00, 0x00  # +0x57c0
    .byte 0x00, 0x00, 0x00, 0x00, 0x00, 0x00, 0x00, 0x00, 0x00, 0x00, 0x00, 0x00, 0x00, 0x00, 0x00, 0x00  # +0x57d0
    .byte 0x00, 0x00, 0x00, 0x00, 0x00, 0x00, 0x00, 0x00, 0x00, 0x00, 0x00, 0x00, 0x00, 0x00, 0x00, 0x00  # +0x57e0
    .byte 0x00, 0x00, 0x00, 0x00, 0x00, 0x00, 0x00, 0x00, 0x00, 0x00, 0x00, 0x00, 0x00, 0x00, 0x00, 0x00  # +0x57f0
    .byte 0x00, 0x00, 0x00, 0x00, 0x00, 0x00, 0x00, 0x00, 0x00, 0x00, 0x00, 0x00, 0x00, 0x00, 0x00, 0x00  # +0x5800
    .byte 0x00, 0x00, 0x00, 0x00, 0x00, 0x00, 0x00, 0x00, 0x00, 0x00, 0x00, 0x00, 0x00, 0x00, 0x00, 0x00  # +0x5810
    .byte 0x00, 0x00, 0x00, 0x00, 0x00, 0x00, 0x00, 0x00, 0x00, 0x00, 0x00, 0x00, 0x00, 0x00, 0x00, 0x00  # +0x5820
    .byte 0x00, 0x00, 0x00, 0x00, 0x00, 0x00, 0x00, 0x00, 0x00, 0x00, 0x00, 0x00, 0x00, 0x00, 0x00, 0x00  # +0x5830
    .byte 0x00, 0x00, 0x00, 0x00, 0x00, 0x00, 0x00, 0x00, 0x00, 0x00, 0x00, 0x00, 0x00, 0x00, 0x00, 0x00  # +0x5840
    .byte 0x00, 0x00, 0x00, 0x00, 0x00, 0x00, 0x00, 0x00, 0x00, 0x00, 0x00, 0x00, 0x00, 0x00, 0x00, 0x00  # +0x5850
    .byte 0x00, 0x00, 0x00, 0x00, 0x00, 0x00, 0x00, 0x00, 0x00, 0x00, 0x00, 0x00, 0x00, 0x00, 0x00, 0x00  # +0x5860
    .byte 0x00, 0x00, 0x00, 0x00, 0x00, 0x00, 0x00, 0x00, 0x00, 0x00, 0x00, 0x00, 0x00, 0x00, 0x00, 0x00  # +0x5870
    .byte 0x00, 0x00, 0x00, 0x00, 0x00, 0x00, 0x00, 0x00, 0x00, 0x00, 0x00, 0x00, 0x00, 0x00, 0x00, 0x00  # +0x5880
    .byte 0x00, 0x00, 0x00, 0x00, 0x00, 0x00, 0x00, 0x00, 0x00, 0x00, 0x00, 0x00, 0x00, 0x00, 0x00, 0x00  # +0x5890
    .byte 0x00, 0x00, 0x00, 0x00, 0x00, 0x00, 0x00, 0x00, 0x00, 0x00, 0x00, 0x00, 0x00, 0x00, 0x00, 0x00  # +0x58a0
    .byte 0x00, 0x00, 0x00, 0x00, 0x00, 0x00, 0x00, 0x00, 0x00, 0x00, 0x00, 0x00, 0x00, 0x00, 0x00, 0x00  # +0x58b0
    .byte 0x00, 0x00, 0x00, 0x00, 0x00, 0x00, 0x00, 0x00, 0x00, 0x00, 0x00, 0x00, 0x00, 0x00, 0x00, 0x00  # +0x58c0
    .byte 0x00, 0x00, 0x00, 0x00, 0x00, 0x00, 0x00, 0x00, 0x00, 0x00, 0x00, 0x00, 0x00, 0x00, 0x00, 0x00  # +0x58d0
    .byte 0x00, 0x00, 0x00, 0x00, 0x00, 0x00, 0x00, 0x00, 0x00, 0x00, 0x00, 0x00, 0x00, 0x00, 0x00, 0x00  # +0x58e0
    .byte 0x00, 0x00, 0x00, 0x00, 0x00, 0x00, 0x00, 0x00, 0x00, 0x00, 0x00, 0x00, 0x00, 0x00, 0x00, 0x00  # +0x58f0
    .byte 0x00, 0x00, 0x00, 0x00, 0x00, 0x00, 0x00, 0x00, 0x00, 0x00, 0x00, 0x00, 0x00, 0x00, 0x00, 0x00  # +0x5900
    .byte 0x00, 0x00, 0x00, 0x00, 0x00, 0x00, 0x00, 0x00, 0x00, 0x00, 0x00, 0x00, 0x00, 0x00, 0x00, 0x00  # +0x5910
    .byte 0x00, 0x00, 0x00, 0x00, 0x00, 0x00, 0x00, 0x00, 0x00, 0x00, 0x00, 0x00, 0x00, 0x00, 0x00, 0x00  # +0x5920
    .byte 0x00, 0x00, 0x00, 0x00, 0x00, 0x00, 0x00, 0x00, 0x00, 0x00, 0x00, 0x00, 0x00, 0x00, 0x00, 0x00  # +0x5930
    .byte 0x00, 0x00, 0x00, 0x00, 0x00, 0x00, 0x00, 0x00, 0x00, 0x00, 0x00, 0x00, 0x00, 0x00, 0x00, 0x00  # +0x5940
    .byte 0x00, 0x00, 0x00, 0x00, 0x00, 0x00, 0x00, 0x00, 0x00, 0x00, 0x00, 0x00, 0x00, 0x00, 0x00, 0x00  # +0x5950
    .byte 0x00, 0x00, 0x00, 0x00, 0x00, 0x00, 0x00, 0x00, 0x00, 0x00, 0x00, 0x00, 0x00, 0x00, 0x00, 0x00  # +0x5960
    .byte 0x00, 0x00, 0x00, 0x00, 0x00, 0x00, 0x00, 0x00, 0x00, 0x00, 0x00, 0x00, 0x00, 0x00, 0x00, 0x00  # +0x5970
    .byte 0x00, 0x00, 0x00, 0x00, 0x00, 0x00, 0x00, 0x00, 0x00, 0x00, 0x00, 0x00, 0x00, 0x00, 0x00, 0x00  # +0x5980
    .byte 0x00, 0x00, 0x00, 0x00, 0x00, 0x00, 0x00, 0x00, 0x00, 0x00, 0x00, 0x00, 0x00, 0x00, 0x00, 0x00  # +0x5990
    .byte 0x00, 0x00, 0x00, 0x00, 0x00, 0x00, 0x00, 0x00, 0x00, 0x00, 0x00, 0x00, 0x00, 0x00, 0x00, 0x00  # +0x59a0
    .byte 0x00, 0x00, 0x00, 0x00, 0x00, 0x00, 0x00, 0x00, 0x00, 0x00, 0x00, 0x00, 0x00, 0x00, 0x00, 0x00  # +0x59b0
    .byte 0x00, 0x00, 0x00, 0x00, 0x00, 0x00, 0x00, 0x00, 0x00, 0x00, 0x00, 0x00, 0x00, 0x00, 0x00, 0x00  # +0x59c0
    .byte 0x00, 0x00, 0x00, 0x00, 0x00, 0x00, 0x00, 0x00, 0x00, 0x00, 0x00, 0x00, 0x00, 0x00, 0x00, 0x00  # +0x59d0
    .byte 0x00, 0x00, 0x00, 0x00, 0x00, 0x00, 0x00, 0x00, 0x00, 0x00, 0x00, 0x00, 0x00, 0x00, 0x00, 0x00  # +0x59e0
    .byte 0x00, 0x00, 0x00, 0x00, 0x00, 0x00, 0x00, 0x00, 0x00, 0x00, 0x00, 0x00, 0x00, 0x00, 0x00, 0x00  # +0x59f0
    .byte 0x00, 0x00, 0x00, 0x00, 0x00, 0x00, 0x00, 0x00, 0x00, 0x00, 0x00, 0x00, 0x00, 0x00, 0x00, 0x00  # +0x5a00
    .byte 0x00, 0x00, 0x00, 0x00, 0x00, 0x00, 0x00, 0x00, 0x00, 0x00, 0x00, 0x00, 0x00, 0x00, 0x00, 0x00  # +0x5a10
    .byte 0x00, 0x00, 0x00, 0x00, 0x00, 0x00, 0x00, 0x00, 0x00, 0x00, 0x00, 0x00, 0x00, 0x00, 0x00, 0x00  # +0x5a20
    .byte 0x00, 0x00, 0x00, 0x00, 0x00, 0x00, 0x00, 0x00, 0x00, 0x00, 0x00, 0x00, 0x00, 0x00, 0x00, 0x00  # +0x5a30
    .byte 0x00, 0x00, 0x00, 0x00, 0x00, 0x00, 0x00, 0x00, 0x00, 0x00, 0x00, 0x00, 0x00, 0x00, 0x00, 0x00  # +0x5a40
    .byte 0x00, 0x00, 0x00, 0x00, 0x00, 0x00, 0x00, 0x00, 0x00, 0x00, 0x00, 0x00, 0x00, 0x00, 0x00, 0x00  # +0x5a50
    .byte 0x00, 0x00, 0x00, 0x00, 0x00, 0x00, 0x00, 0x00, 0x00, 0x00, 0x00, 0x00, 0x00, 0x00, 0x00, 0x00  # +0x5a60
    .byte 0x00, 0x00, 0x00, 0x00, 0x00, 0x00, 0x00, 0x00, 0x00, 0x00, 0x00, 0x00, 0x00, 0x00, 0x00, 0x00  # +0x5a70
    .byte 0x00, 0x00, 0x00, 0x00, 0x00, 0x00, 0x00, 0x00, 0x00, 0x00, 0x00, 0x00, 0x00, 0x00, 0x00, 0x00  # +0x5a80
    .byte 0x00, 0x00, 0x00, 0x00, 0x00, 0x00, 0x00, 0x00, 0x00, 0x00, 0x00, 0x00, 0x00, 0x00, 0x00, 0x00  # +0x5a90
    .byte 0x00, 0x00, 0x00, 0x00, 0x00, 0x00, 0x00, 0x00, 0x00, 0x00, 0x00, 0x00, 0x00, 0x00, 0x00, 0x00  # +0x5aa0
    .byte 0x00, 0x00, 0x00, 0x00, 0x00, 0x00, 0x00, 0x00, 0x00, 0x00, 0x00, 0x00, 0x00, 0x00, 0x00, 0x00  # +0x5ab0
    .byte 0x00, 0x00, 0x00, 0x00, 0x00, 0x00, 0x00, 0x00, 0x00, 0x00, 0x00, 0x00, 0x00, 0x00, 0x00, 0x00  # +0x5ac0
    .byte 0x00, 0x00, 0x00, 0x00, 0x00, 0x00, 0x00, 0x00, 0x00, 0x00, 0x00, 0x00, 0x00, 0x00, 0x00, 0x00  # +0x5ad0
    .byte 0x00, 0x00, 0x00, 0x00, 0x00, 0x00, 0x00, 0x00, 0x00, 0x00, 0x00, 0x00, 0x00, 0x00, 0x00, 0x00  # +0x5ae0
    .byte 0x00, 0x00, 0x00, 0x00, 0x00, 0x00, 0x00, 0x00, 0x00, 0x00, 0x00, 0x00, 0x00, 0x00, 0x00, 0x00  # +0x5af0
    .byte 0x00, 0x00, 0x00, 0x00, 0x00, 0x00, 0x00, 0x00, 0x00, 0x00, 0x00, 0x00, 0x00, 0x00, 0x00, 0x00  # +0x5b00
    .byte 0x00, 0x00, 0x00, 0x00, 0x00, 0x00, 0x00, 0x00, 0x00, 0x00, 0x00, 0x00, 0x00, 0x00, 0x00, 0x00  # +0x5b10
    .byte 0x00, 0x00, 0x00, 0x00, 0x00, 0x00, 0x00, 0x00, 0x00, 0x00, 0x00, 0x00, 0x00, 0x00, 0x00, 0x00  # +0x5b20
    .byte 0x00, 0x00, 0x00, 0x00, 0x00, 0x00, 0x00, 0x00, 0x00, 0x00, 0x00, 0x00, 0x00, 0x00, 0x00, 0x00  # +0x5b30
    .byte 0x00, 0x00, 0x00, 0x00, 0x00, 0x00, 0x00, 0x00, 0x00, 0x00, 0x00, 0x00, 0x00, 0x00, 0x00, 0x00  # +0x5b40
    .byte 0x00, 0x00, 0x00, 0x00, 0x00, 0x00, 0x00, 0x00, 0x00, 0x00, 0x00, 0x00, 0x00, 0x00, 0x00, 0x00  # +0x5b50
    .byte 0x00, 0x00, 0x00, 0x00, 0x00, 0x00, 0x00, 0x00, 0x00, 0x00, 0x00, 0x00, 0x00, 0x00, 0x00, 0x00  # +0x5b60
    .byte 0x00, 0x00, 0x00, 0x00, 0x00, 0x00, 0x00, 0x00, 0x00, 0x00, 0x00, 0x00, 0x00, 0x00, 0x00, 0x00  # +0x5b70
    .byte 0x00, 0x00, 0x00, 0x00, 0x00, 0x00, 0x00, 0x00, 0x00, 0x00, 0x00, 0x00, 0x00, 0x00, 0x00, 0x00  # +0x5b80
    .byte 0x00, 0x00, 0x00, 0x00, 0x00, 0x00, 0x00, 0x00, 0x00, 0x00, 0x00, 0x00, 0x00, 0x00, 0x00, 0x00  # +0x5b90
    .byte 0x00, 0x00, 0x00, 0x00, 0x00, 0x00, 0x00, 0x00, 0x00, 0x00, 0x00, 0x00, 0x00, 0x00, 0x00, 0x00  # +0x5ba0
    .byte 0x00, 0x00, 0x00, 0x00, 0x00, 0x00, 0x00, 0x00, 0x00, 0x00, 0x00, 0x00, 0x00, 0x00, 0x00, 0x00  # +0x5bb0
    .byte 0x00, 0x00, 0x00, 0x00, 0x00, 0x00, 0x00, 0x00, 0x00, 0x00, 0x00, 0x00, 0x00, 0x00, 0x00, 0x00  # +0x5bc0
    .byte 0x00, 0x00, 0x00, 0x00, 0x00, 0x00, 0x00, 0x00, 0x00, 0x00, 0x00, 0x00, 0x00, 0x00, 0x00, 0x00  # +0x5bd0
    .byte 0x00, 0x00, 0x00, 0x00, 0x00, 0x00, 0x00, 0x00, 0x00, 0x00, 0x00, 0x00, 0x00, 0x00, 0x00, 0x00  # +0x5be0
    .byte 0x00, 0x00, 0x00, 0x00, 0x00, 0x00, 0x00, 0x00, 0x00, 0x00, 0x00, 0x00, 0x00, 0x00, 0x00, 0x00  # +0x5bf0
    .byte 0x00, 0x00, 0x00, 0x00, 0x00, 0x00, 0x00, 0x00, 0x00, 0x00, 0x00, 0x00, 0x00, 0x00, 0x00, 0x00  # +0x5c00
    .byte 0x00, 0x00, 0x00, 0x00, 0x00, 0x00, 0x00, 0x00, 0x00, 0x00, 0x00, 0x00, 0x00, 0x00, 0x00, 0x00  # +0x5c10
    .byte 0x00, 0x00, 0x00, 0x00, 0x00, 0x00, 0x00, 0x00, 0x00, 0x00, 0x00, 0x00, 0x00, 0x00, 0x00, 0x00  # +0x5c20
    .byte 0x00, 0x00, 0x00, 0x00, 0x00, 0x00, 0x00, 0x00, 0x00, 0x00, 0x00, 0x00, 0x00, 0x00, 0x00, 0x00  # +0x5c30
    .byte 0x00, 0x00, 0x00, 0x00, 0x00, 0x00, 0x00, 0x00, 0x00, 0x00, 0x00, 0x00, 0x00, 0x00, 0x00, 0x00  # +0x5c40
    .byte 0x00, 0x00, 0x00, 0x00, 0x00, 0x00, 0x00, 0x00, 0x00, 0x00, 0x00, 0x00, 0x00, 0x00, 0x00, 0x00  # +0x5c50
    .byte 0x00, 0x00, 0x00, 0x00, 0x00, 0x00, 0x00, 0x00, 0x00, 0x00, 0x00, 0x00, 0x00, 0x00, 0x00, 0x00  # +0x5c60
    .byte 0x00, 0x00, 0x00, 0x00, 0x00, 0x00, 0x00, 0x00, 0x00, 0x00, 0x00, 0x00, 0x00, 0x00, 0x00, 0x00  # +0x5c70
    .byte 0x00, 0x00, 0x00, 0x00, 0x00, 0x00, 0x00, 0x00, 0x00, 0x00, 0x00, 0x00, 0x00, 0x00, 0x00, 0x00  # +0x5c80
    .byte 0x00, 0x00, 0x00, 0x00, 0x00, 0x00, 0x00, 0x00, 0x00, 0x00, 0x00, 0x00, 0x00, 0x00, 0x00, 0x00  # +0x5c90
    .byte 0x00, 0x00, 0x00, 0x00, 0x00, 0x00, 0x00, 0x00, 0x00, 0x00, 0x00, 0x00, 0x00, 0x00, 0x00, 0x00  # +0x5ca0
    .byte 0x00, 0x00, 0x00, 0x00, 0x00, 0x00, 0x00, 0x00, 0x00, 0x00, 0x00, 0x00, 0x00, 0x00, 0x00, 0x00  # +0x5cb0
    .byte 0x00, 0x00, 0x00, 0x00, 0x00, 0x00, 0x00, 0x00, 0x00, 0x00, 0x00, 0x00, 0x00, 0x00, 0x00, 0x00  # +0x5cc0
    .byte 0x00, 0x00, 0x00, 0x00, 0x00, 0x00, 0x00, 0x00, 0x00, 0x00, 0x00, 0x00, 0x00, 0x00, 0x00, 0x00  # +0x5cd0
    .byte 0x00, 0x00, 0x00, 0x00, 0x00, 0x00, 0x00, 0x00, 0x00, 0x00, 0x00, 0x00, 0x00, 0x00, 0x00, 0x00  # +0x5ce0
    .byte 0x00, 0x00, 0x00, 0x00, 0x00, 0x00, 0x00, 0x00, 0x00, 0x00, 0x00, 0x00, 0x00, 0x00, 0x00, 0x00  # +0x5cf0
    .byte 0x00, 0x00, 0x00, 0x00, 0x00, 0x00, 0x00, 0x00, 0x00, 0x00, 0x00, 0x00, 0x00, 0x00, 0x00, 0x00  # +0x5d00
    .byte 0x00, 0x00, 0x00, 0x00, 0x00, 0x00, 0x00, 0x00, 0x00, 0x00, 0x00, 0x00, 0x00, 0x00, 0x00, 0x00  # +0x5d10
    .byte 0x00, 0x00, 0x00, 0x00, 0x00, 0x00, 0x00, 0x00, 0x00, 0x00, 0x00, 0x00, 0x00, 0x00, 0x00, 0x00  # +0x5d20
    .byte 0x00, 0x00, 0x00, 0x00, 0x00, 0x00, 0x00, 0x00, 0x00, 0x00, 0x00, 0x00, 0x00, 0x00, 0x00, 0x00  # +0x5d30
    .byte 0x00, 0x00, 0x00, 0x00, 0x00, 0x00, 0x00, 0x00, 0x00, 0x00, 0x00, 0x00, 0x00, 0x00, 0x00, 0x00  # +0x5d40
    .byte 0x00, 0x00, 0x00, 0x00, 0x00, 0x00, 0x00, 0x00, 0x00, 0x00, 0x00, 0x00, 0x00, 0x00, 0x00, 0x00  # +0x5d50
    .byte 0x00, 0x00, 0x00, 0x00, 0x00, 0x00, 0x00, 0x00, 0x00, 0x00, 0x00, 0x00, 0x00, 0x00, 0x00, 0x00  # +0x5d60
    .byte 0x00, 0x00, 0x00, 0x00, 0x00, 0x00, 0x00, 0x00, 0x00, 0x00, 0x00, 0x00, 0x00, 0x00, 0x00, 0x00  # +0x5d70
    .byte 0x00, 0x00, 0x00, 0x00, 0x00, 0x00, 0x00, 0x00, 0x00, 0x00, 0x00, 0x00, 0x00, 0x00, 0x00, 0x00  # +0x5d80
    .byte 0x00, 0x00, 0x00, 0x00, 0x00, 0x00, 0x00, 0x00, 0x00, 0x00, 0x00, 0x00, 0x00, 0x00, 0x00, 0x00  # +0x5d90
    .byte 0x00, 0x00, 0x00, 0x00, 0x00, 0x00, 0x00, 0x00, 0x00, 0x00, 0x00, 0x00, 0x00, 0x00, 0x00, 0x00  # +0x5da0
    .byte 0x00, 0x00, 0x00, 0x00, 0x00, 0x00, 0x00, 0x00, 0x00, 0x00, 0x00, 0x00, 0x00, 0x00, 0x00, 0x00  # +0x5db0
    .byte 0x00, 0x00, 0x00, 0x00, 0x00, 0x00, 0x00, 0x00, 0x00, 0x00, 0x00, 0x00, 0x00, 0x00, 0x00, 0x00  # +0x5dc0
    .byte 0x00, 0x00, 0x00, 0x00, 0x00, 0x00, 0x00, 0x00, 0x00, 0x00, 0x00, 0x00, 0x00, 0x00, 0x00, 0x00  # +0x5dd0
    .byte 0x00, 0x00, 0x00, 0x00, 0x00, 0x00, 0x00, 0x00, 0x00, 0x00, 0x00, 0x00, 0x00, 0x00, 0x00, 0x00  # +0x5de0
    .byte 0x00, 0x00, 0x00, 0x00, 0x00, 0x00, 0x00, 0x00, 0x00, 0x00, 0x00, 0x00, 0x00, 0x00, 0x00, 0x00  # +0x5df0
    .byte 0x00, 0x00, 0x00, 0x00, 0x00, 0x00, 0x00, 0x00, 0x00, 0x00, 0x00, 0x00, 0x00, 0x00, 0x00, 0x00  # +0x5e00
    .byte 0x00, 0x00, 0x00, 0x00, 0x00, 0x00, 0x00, 0x00, 0x00, 0x00, 0x00, 0x00, 0x00, 0x00, 0x00, 0x00  # +0x5e10
    .byte 0x00, 0x00, 0x00, 0x00, 0x00, 0x00, 0x00, 0x00, 0x00, 0x00, 0x00, 0x00, 0x00, 0x00, 0x00, 0x00  # +0x5e20
    .byte 0x00, 0x00, 0x00, 0x00, 0x00, 0x00, 0x00, 0x00, 0x00, 0x00, 0x00, 0x00, 0x00, 0x00, 0x00, 0x00  # +0x5e30
    .byte 0x00, 0x00, 0x00, 0x00, 0x00, 0x00, 0x00, 0x00, 0x00, 0x00, 0x00, 0x00, 0x00, 0x00, 0x00, 0x00  # +0x5e40
    .byte 0x00, 0x00, 0x00, 0x00, 0x00, 0x00, 0x00, 0x00, 0x00, 0x00, 0x00, 0x00, 0x00, 0x00, 0x00, 0x00  # +0x5e50
    .byte 0x00, 0x00, 0x00, 0x00, 0x00, 0x00, 0x00, 0x00, 0x00, 0x00, 0x00, 0x00, 0x00, 0x00, 0x00, 0x00  # +0x5e60
    .byte 0x00, 0x00, 0x00, 0x00, 0x00, 0x00, 0x00, 0x00, 0x00, 0x00, 0x00, 0x00, 0x00, 0x00, 0x00, 0x00  # +0x5e70
    .byte 0x00, 0x00, 0x00, 0x00, 0x00, 0x00, 0x00, 0x00, 0x00, 0x00, 0x00, 0x00, 0x00, 0x00, 0x00, 0x00  # +0x5e80
    .byte 0x00, 0x00, 0x00, 0x00, 0x00, 0x00, 0x00, 0x00, 0x00, 0x00, 0x00, 0x00, 0x00, 0x00, 0x00, 0x00  # +0x5e90
    .byte 0x00, 0x00, 0x00, 0x00, 0x00, 0x00, 0x00, 0x00, 0x00, 0x00, 0x00, 0x00, 0x00, 0x00, 0x00, 0x00  # +0x5ea0
    .byte 0x00, 0x00, 0x00, 0x00, 0x00, 0x00, 0x00, 0x00, 0x00, 0x00, 0x00, 0x00, 0x00, 0x00, 0x00, 0x00  # +0x5eb0
    .byte 0x00, 0x00, 0x00, 0x00, 0x00, 0x00, 0x00, 0x00, 0x00, 0x00, 0x00, 0x00, 0x00, 0x00, 0x00, 0x00  # +0x5ec0
    .byte 0x00, 0x00, 0x00, 0x00, 0x00, 0x00, 0x00, 0x00, 0x00, 0x00, 0x00, 0x00, 0x00, 0x00, 0x00, 0x00  # +0x5ed0
    .byte 0x00, 0x00, 0x00, 0x00, 0x00, 0x00, 0x00, 0x00, 0x00, 0x00, 0x00, 0x00, 0x00, 0x00, 0x00, 0x00  # +0x5ee0
    .byte 0x00, 0x00, 0x00, 0x00, 0x00, 0x00, 0x00, 0x00, 0x00, 0x00, 0x00, 0x00, 0x00, 0x00, 0x00, 0x00  # +0x5ef0
    .byte 0x00, 0x00, 0x00, 0x00, 0x00, 0x00, 0x00, 0x00, 0x00, 0x00, 0x00, 0x00, 0x00, 0x00, 0x00, 0x00  # +0x5f00
    .byte 0x00, 0x00, 0x00, 0x00, 0x00, 0x00, 0x00, 0x00, 0x00, 0x00, 0x00, 0x00, 0x00, 0x00, 0x00, 0x00  # +0x5f10
    .byte 0x00, 0x00, 0x00, 0x00, 0x00, 0x00, 0x00, 0x00, 0x00, 0x00, 0x00, 0x00, 0x00, 0x00, 0x00, 0x00  # +0x5f20
    .byte 0x00, 0x00, 0x00, 0x00, 0x00, 0x00, 0x00, 0x00, 0x00, 0x00, 0x00, 0x00, 0x00, 0x00, 0x00, 0x00  # +0x5f30
    .byte 0x00, 0x00, 0x00, 0x00, 0x00, 0x00, 0x00, 0x00, 0x00, 0x00, 0x00, 0x00, 0x00, 0x00, 0x00, 0x00  # +0x5f40
    .byte 0x00, 0x00, 0x00, 0x00, 0x00, 0x00, 0x00, 0x00, 0x00, 0x00, 0x00, 0x00, 0x00, 0x00, 0x00, 0x00  # +0x5f50
    .byte 0x00, 0x00, 0x00, 0x00, 0x00, 0x00, 0x00, 0x00, 0x00, 0x00, 0x00, 0x00, 0x00, 0x00, 0x00, 0x00  # +0x5f60
    .byte 0x00, 0x00, 0x00, 0x00, 0x00, 0x00, 0x00, 0x00, 0x00, 0x00, 0x00, 0x00, 0x00, 0x00, 0x00, 0x00  # +0x5f70
    .byte 0x00, 0x00, 0x00, 0x00, 0x00, 0x00, 0x00, 0x00, 0x00, 0x00, 0x00, 0x00, 0x00, 0x00, 0x00, 0x00  # +0x5f80
    .byte 0x00, 0x00, 0x00, 0x00, 0x00, 0x00, 0x00, 0x00, 0x00, 0x00, 0x00, 0x00, 0x00, 0x00, 0x00, 0x00  # +0x5f90
    .byte 0x00, 0x00, 0x00, 0x00, 0x00, 0x00, 0x00, 0x00, 0x00, 0x00, 0x00, 0x00, 0x00, 0x00, 0x00, 0x00  # +0x5fa0
    .byte 0x00, 0x00, 0x00, 0x00, 0x00, 0x00, 0x00, 0x00, 0x00, 0x00, 0x00, 0x00, 0x00, 0x00, 0x00, 0x00  # +0x5fb0
    .byte 0x00, 0x00, 0x00, 0x00, 0x00, 0x00, 0x00, 0x00, 0x00, 0x00, 0x00, 0x00, 0x00, 0x00, 0x00, 0x00  # +0x5fc0
    .byte 0x00, 0x00, 0x00, 0x00, 0x00, 0x00, 0x00, 0x00, 0x00, 0x00, 0x00, 0x00, 0x00, 0x00, 0x00, 0x00  # +0x5fd0
    .byte 0x00, 0x00, 0x00, 0x00, 0x00, 0x00, 0x00, 0x00, 0x00, 0x00, 0x00, 0x00, 0x00, 0x00, 0x00, 0x00  # +0x5fe0
    .byte 0x00, 0x00, 0x00, 0x00, 0x00, 0x00, 0x00, 0x00, 0x00, 0x00, 0x00, 0x00, 0x00, 0x00, 0x00, 0x00  # +0x5ff0

.globl envcube_v15_1_text_end
envcube_v15_1_text_end:
